estacio_id,instant,temp_c,sensacio_c,punt_rosada_c,humitat_pct,solar_wm2,uvi,taxa_pluja_mm_h,pluja_diaria_mm,pluja_event_mm,pluja_hora_mm,pluja_setmana_mm,pluja_mes_mm,pluja_any_mm,vent_ms,vent_rafega_ms,vent_direccio_graus,pressio_rel_hpa,pressio_abs_hpa,bateria_pct
1,2026-01-17T00:00:00.000Z,3.8,3.8,3.3,97,0.0,0,0.0,2.8,3.8,0.0,3.8,10.4,109.5,0.0,0.0,190,1007.6,903.1,
1,2026-01-17T00:05:00.000Z,3.8,3.8,3.4,97,0.0,0,0.0,2.8,3.8,0.0,3.8,10.4,109.5,0.0,0.0,190,1007.6,903.1,
1,2026-01-17T00:10:00.000Z,3.9,3.9,3.4,97,0.0,0,0.0,2.8,3.8,0.0,3.8,10.4,109.5,0.0,0.0,190,1007.7,903.1,
1,2026-01-17T00:15:00.000Z,3.9,3.9,3.4,97,0.0,0,0.0,2.8,3.8,0.0,3.8,10.4,109.5,0.0,0.0,190,1007.5,903.0,
1,2026-01-17T00:20:00.000Z,3.9,3.9,3.4,97,0.0,0,0.0,2.8,3.8,0.0,3.8,10.4,109.5,0.0,0.0,190,1007.5,902.9,
1,2026-01-17T00:25:00.000Z,3.9,3.9,3.4,97,0.0,0,0.0,2.8,3.8,0.0,3.8,10.4,109.5,0.0,0.0,190,1007.4,902.8,
1,2026-01-17T00:30:00.000Z,3.9,3.9,3.4,97,0.0,0,0.0,2.8,3.8,0.0,3.8,10.4,109.5,0.0,0.0,190,1007.3,902.7,
1,2026-01-17T00:35:00.000Z,3.9,3.9,3.4,97,0.0,0,0.0,2.8,3.8,0.0,3.8,10.4,109.5,0.0,0.0,190,1007.3,902.6,
1,2026-01-17T00:40:00.000Z,3.9,3.9,3.4,97,0.0,0,0.0,2.8,3.8,0.0,3.8,10.4,109.5,0.0,0.0,190,1007.3,902.7,
1,2026-01-17T00:45:00.000Z,3.9,3.9,3.4,97,0.0,0,0.0,2.8,3.8,0.0,3.8,10.4,109.5,0.0,0.0,190,1007.2,902.6,
1,2026-01-17T00:50:00.000Z,3.9,3.9,3.4,97,0.0,0,0.0,2.8,3.8,0.0,3.8,10.4,109.5,0.0,0.0,190,1007.2,902.6,
1,2026-01-17T00:55:00.000Z,3.9,3.9,3.5,97,0.0,0,0.0,2.8,3.8,0.0,3.8,10.4,109.5,0.0,0.0,190,1007.3,902.6,
1,2026-01-17T01:00:00.000Z,4.0,4.0,3.6,97,0.0,0,0.0,2.8,3.8,0.0,3.8,10.4,109.5,0.0,0.0,190,1007.2,902.6,
1,2026-01-17T01:05:00.000Z,4.0,4.0,3.6,97,0.0,0,0.0,2.8,3.8,0.0,3.8,10.4,109.5,0.0,0.0,190,1007.3,902.7,
1,2026-01-17T01:10:00.000Z,4.0,4.0,3.6,97,0.0,0,0.0,2.8,3.8,0.0,3.8,10.4,109.5,0.0,0.0,190,1007.1,902.5,
1,2026-01-17T01:15:00.000Z,4.1,4.1,3.6,97,0.0,0,0.0,2.8,3.8,0.0,3.8,10.4,109.5,0.0,0.0,190,1007.0,902.4,
1,2026-01-17T01:20:00.000Z,4.1,4.1,3.7,97,0.0,0,0.0,2.8,3.8,0.0,3.8,10.4,109.5,0.0,0.0,190,1007.0,902.4,
1,2026-01-17T01:25:00.000Z,4.1,4.1,3.7,97,0.0,0,0.0,2.8,3.8,0.0,3.8,10.4,109.5,0.0,0.0,190,1007.0,902.4,
1,2026-01-17T01:30:00.000Z,4.1,4.1,3.7,97,0.0,0,0.0,2.8,3.8,0.0,3.8,10.4,109.5,0.0,0.0,190,1006.8,902.2,
1,2026-01-17T01:35:00.000Z,4.1,4.1,3.7,97,0.0,0,0.0,2.8,3.8,0.0,3.8,10.4,109.5,0.0,0.0,190,1006.8,902.2,
1,2026-01-17T01:40:00.000Z,4.1,4.1,3.6,97,0.0,0,0.0,2.8,3.8,0.0,3.8,10.4,109.5,0.0,0.0,190,1006.7,902.1,
1,2026-01-17T01:45:00.000Z,4.0,4.0,3.6,97,0.0,0,0.0,2.8,3.8,0.0,3.8,10.4,109.5,0.0,0.0,190,1006.8,902.2,
1,2026-01-17T01:50:00.000Z,4.0,4.0,3.5,97,0.0,0,0.0,2.8,3.8,0.0,3.8,10.4,109.5,0.0,0.0,190,1006.6,902.0,
1,2026-01-17T01:55:00.000Z,4.0,4.0,3.6,97,0.0,0,0.0,2.8,3.8,0.0,3.8,10.4,109.5,0.0,0.0,190,1006.5,901.9,
1,2026-01-17T02:00:00.000Z,4.0,4.0,3.6,97,0.0,0,0.0,2.8,3.8,0.0,3.8,10.4,109.5,0.0,0.0,190,1006.5,901.9,
1,2026-01-17T02:05:00.000Z,3.9,3.9,3.5,97,0.0,0,0.0,2.8,3.8,0.0,3.8,10.4,109.5,0.0,0.0,190,1006.6,902.0,
1,2026-01-17T02:10:00.000Z,3.9,3.9,3.4,97,0.0,0,0.0,2.8,3.8,0.0,3.8,10.4,109.5,0.0,0.0,190,1006.6,902.0,
1,2026-01-17T02:15:00.000Z,3.9,3.9,3.4,97,0.0,0,0.0,2.8,3.8,0.0,3.8,10.4,109.5,0.0,0.0,190,1006.5,901.9,
1,2026-01-17T02:20:00.000Z,3.9,3.9,3.4,97,0.0,0,0.0,2.8,3.8,0.0,3.8,10.4,109.5,0.0,0.0,190,1006.5,901.9,
1,2026-01-17T02:25:00.000Z,3.8,3.8,3.4,97,0.0,0,0.0,2.8,3.8,0.0,3.8,10.4,109.5,0.0,0.0,190,1006.4,901.8,
1,2026-01-17T02:30:00.000Z,3.9,3.9,3.4,97,0.0,0,0.0,2.8,3.8,0.0,3.8,10.4,109.5,0.0,0.0,190,1006.4,901.8,
1,2026-01-17T02:35:00.000Z,3.9,3.9,3.5,97,0.0,0,0.0,2.8,3.8,0.0,3.8,10.4,109.5,0.0,0.0,190,1006.4,901.8,
1,2026-01-17T02:40:00.000Z,3.9,3.9,3.6,98,0.0,0,0.0,2.8,3.8,0.0,3.8,10.4,109.5,0.0,0.0,190,1006.4,901.8,
1,2026-01-17T02:45:00.000Z,3.9,3.9,3.6,97,0.0,0,0.0,2.8,3.8,0.0,3.8,10.4,109.5,0.0,0.0,190,1006.4,901.8,
1,2026-01-17T02:50:00.000Z,3.9,3.9,3.4,97,0.0,0,0.0,2.8,3.8,0.0,3.8,10.4,109.5,0.0,0.0,190,1006.5,901.9,
1,2026-01-17T02:55:00.000Z,3.9,3.9,3.5,97,0.0,0,0.0,2.8,3.8,0.0,3.8,10.4,109.5,0.02777777777777778,0.5,190,1006.5,901.9,
1,2026-01-17T03:00:00.000Z,4.0,4.0,3.7,98,0.0,0,1.8,3.1,4.1,0.3,4.1,10.7,109.8,0.02777777777777778,0.5,190,1006.4,901.8,
1,2026-01-17T03:05:00.000Z,4.0,4.0,3.7,98,0.0,0,1.8,3.1,4.1,0.3,4.1,10.7,109.8,0.0,0.0,190,1006.2,901.6,
1,2026-01-17T03:10:00.000Z,4.0,4.0,3.7,98,0.0,0,1.8,3.3,4.3,0.5,4.3,10.9,110.0,0.0,0.0,190,1006.3,901.7,
1,2026-01-17T03:15:00.000Z,4.0,4.0,3.7,98,0.0,0,1.2,3.3,4.3,0.5,4.3,10.9,110.0,0.0,0.0,188,1006.3,901.7,
1,2026-01-17T03:20:00.000Z,4.1,4.1,3.8,98,0.0,0,1.2,3.3,4.3,0.5,4.3,10.9,110.0,0.0,0.0,188,1006.2,901.6,
1,2026-01-17T03:25:00.000Z,4.1,4.1,3.8,98,0.0,0,0.0,3.3,4.3,0.5,4.3,10.9,110.0,0.0,0.0,189,1006.2,901.6,
1,2026-01-17T03:30:00.000Z,4.1,4.1,3.8,98,0.0,0,1.8,3.6,4.6,0.8,4.6,11.2,110.3,0.0,0.0,189,1006.3,901.7,
1,2026-01-17T03:35:00.000Z,4.1,4.1,3.8,98,0.0,0,3.0,3.8,4.8,1.0,4.8,11.4,110.5,0.0,0.0,189,1006.3,901.7,
1,2026-01-17T03:40:00.000Z,4.1,4.1,3.8,98,0.0,0,4.8,4.3,5.3,1.5,5.3,11.9,111.0,0.0,0.0,190,1006.4,901.8,
1,2026-01-17T03:45:00.000Z,4.1,4.1,3.8,98,0.0,0,4.8,4.6,5.6,1.8,5.6,12.2,111.3,0.0,0.0,191,1006.3,901.7,
1,2026-01-17T03:50:00.000Z,4.1,4.1,3.8,98,0.0,0,4.8,5.1,6.1,2.3,6.1,12.7,111.8,0.0,0.0,190,1006.3,901.7,
1,2026-01-17T03:55:00.000Z,4.1,4.1,3.8,98,0.0,0,4.8,5.4,6.4,2.6,6.4,13.0,112.1,0.0,0.0,188,1006.2,901.6,
1,2026-01-17T04:00:00.000Z,4.2,4.2,3.9,98,0.0,0,4.8,5.6,6.6,0.2,6.6,13.2,112.3,0.08333333333333333,0.5,187,1006.2,901.6,
1,2026-01-17T04:05:00.000Z,4.3,4.3,4.0,98,0.0,0,3.0,5.6,6.6,0.2,6.6,13.2,112.3,0.02777777777777778,0.5,175,1006.2,901.6,
1,2026-01-17T04:10:00.000Z,4.3,4.3,4.0,98,0.0,0,1.8,5.9,6.9,0.5,6.9,13.5,112.6,0.0,0.0,176,1006.1,901.5,
1,2026-01-17T04:15:00.000Z,4.3,4.3,4.0,98,0.0,0,3.0,6.1,7.1,0.7,7.1,13.7,112.8,0.0,0.0,179,1006.1,901.5,
1,2026-01-17T04:20:00.000Z,4.3,4.3,4.0,98,0.0,0,4.8,6.6,7.6,1.2,7.6,14.2,113.3,0.0,0.0,181,1006.2,901.6,
1,2026-01-17T04:25:00.000Z,4.2,4.2,4.0,98,0.0,0,6.0,6.9,7.9,1.5,7.9,14.5,113.6,0.0,0.0,184,1006.1,901.5,
1,2026-01-17T04:30:00.000Z,4.2,4.2,3.9,98,0.0,0,6.0,7.4,8.4,2.0,8.4,15.0,114.1,0.0,0.0,185,1006.1,901.4,
1,2026-01-17T04:35:00.000Z,4.2,4.2,3.9,98,0.0,0,4.8,7.4,8.4,2.0,8.4,15.0,114.1,0.0,0.0,186,1006.0,901.4,
1,2026-01-17T04:40:00.000Z,4.2,4.2,3.9,98,0.0,0,3.0,7.9,8.9,2.5,8.9,15.5,114.6,0.0,0.0,188,1006.0,901.4,
1,2026-01-17T04:45:00.000Z,4.2,4.2,3.9,98,0.0,0,3.0,8.1,9.1,2.7,9.1,15.7,114.8,0.0,0.0,188,1005.8,901.2,
1,2026-01-17T04:50:00.000Z,4.2,4.2,3.9,98,0.0,0,3.0,8.4,9.4,3.0,9.4,16.0,115.1,0.0,0.0,189,1005.8,901.2,
1,2026-01-17T04:55:00.000Z,4.2,4.2,3.9,98,0.0,0,3.0,8.4,9.4,3.0,9.4,16.0,115.1,0.0,0.0,190,1005.8,901.2,
1,2026-01-17T05:00:00.000Z,4.2,4.2,3.9,98,0.0,0,4.8,8.9,9.9,0.2,9.9,16.5,115.6,0.0,0.0,187,1005.8,901.2,
1,2026-01-17T05:05:00.000Z,4.1,4.1,3.9,98,0.0,0,4.8,9.2,10.2,0.5,10.2,16.8,115.9,0.02777777777777778,0.5,187,1005.7,901.1,
1,2026-01-17T05:10:00.000Z,4.2,4.2,3.9,98,0.0,0,3.0,9.4,10.4,0.7,10.4,17.0,116.1,0.0,0.0,187,1005.7,901.1,
1,2026-01-17T05:15:00.000Z,4.2,4.2,3.9,98,0.0,0,4.8,9.7,10.7,1.0,10.7,17.3,116.4,0.0,0.0,186,1005.6,901.1,
1,2026-01-17T05:20:00.000Z,4.2,4.2,3.9,98,0.0,0,4.2,9.9,10.9,1.2,10.9,17.5,116.6,0.0,0.0,186,1005.5,900.9,
1,2026-01-17T05:25:00.000Z,4.2,4.2,3.9,98,0.0,0,4.8,10.4,11.4,1.7,11.4,18.0,117.1,0.11111111111111112,1.0,220,1005.6,901.0,
1,2026-01-17T05:30:00.000Z,4.2,4.2,3.9,98,0.0,0,6.0,10.9,11.9,2.2,11.9,18.5,117.6,0.22222222222222224,0.5,181,1005.6,901.0,
1,2026-01-17T05:35:00.000Z,4.2,4.2,3.9,98,0.0,0,6.0,11.2,12.2,2.5,12.2,18.8,117.9,0.19444444444444442,0.5,176,1005.4,900.9,
1,2026-01-17T05:40:00.000Z,4.2,4.2,3.9,98,0.0,0,4.8,11.7,12.7,3.0,12.7,19.3,118.4,0.16666666666666666,0.5,184,1005.4,900.8,
1,2026-01-17T05:45:00.000Z,4.3,4.3,4.0,98,0.0,0,4.8,11.7,12.7,3.0,12.7,19.3,118.4,0.11111111111111112,0.5,162,1005.4,900.8,
1,2026-01-17T05:50:00.000Z,4.4,4.4,4.2,98,0.0,0,4.8,12.2,13.2,3.5,13.2,19.8,118.9,0.0,0.0,175,1005.4,900.8,
1,2026-01-17T05:55:00.000Z,4.4,4.4,4.1,98,0.0,0,6.0,12.7,13.7,4.0,13.7,20.3,119.4,0.05555555555555556,0.5,173,1005.5,900.9,
1,2026-01-17T06:00:00.000Z,4.5,4.5,4.2,98,0.0,0,6.0,13.0,14.0,0.3,14.0,20.6,119.7,0.4722222222222222,1.5,166,1005.5,900.9,
1,2026-01-17T06:05:00.000Z,4.8,4.6,4.5,98,0.0,0,4.8,13.5,14.5,0.8,14.5,21.1,120.2,0.4444444444444445,1.5,179,1005.6,901.0,
1,2026-01-17T06:10:00.000Z,4.8,4.8,4.4,97,0.0,0,4.8,13.7,14.7,1.0,14.7,21.3,120.4,0.08333333333333333,0.5,120,1005.4,900.8,
1,2026-01-17T06:15:00.000Z,4.8,4.8,4.3,97,0.0,0,4.8,14.0,15.0,1.3,15.0,21.6,120.7,0.02777777777777778,0.5,176,1005.4,900.8,
1,2026-01-17T06:20:00.000Z,4.8,4.8,4.3,97,0.0,0,4.8,14.2,15.2,1.5,15.2,21.8,120.9,0.11111111111111112,0.5,185,1005.4,900.8,
1,2026-01-17T06:25:00.000Z,4.8,4.8,4.3,97,0.0,0,4.8,14.7,15.7,2.0,15.7,22.3,121.4,0.0,0.0,172,1005.4,900.9,
1,2026-01-17T06:30:00.000Z,4.8,4.8,4.3,97,0.0,0,6.6,15.3,16.3,2.6,16.3,22.9,122.0,0.0,0.0,174,1005.4,900.8,
1,2026-01-17T06:35:00.000Z,4.8,4.8,4.4,97,0.0,0,6.6,15.3,16.3,2.6,16.3,22.9,122.0,0.1388888888888889,0.5,146,1005.3,900.7,
1,2026-01-17T06:40:00.000Z,4.9,4.9,4.4,97,0.0,0,3.6,15.3,16.3,2.6,16.3,22.9,122.0,0.22222222222222224,0.5,182,1005.3,900.7,
1,2026-01-17T06:45:00.000Z,4.9,4.9,4.5,97,0.0,0,3.0,15.8,16.8,3.1,16.8,23.4,122.5,0.08333333333333333,1.0,196,1005.4,900.8,
1,2026-01-17T06:50:00.000Z,5.0,5.0,4.6,97,0.0,0,4.2,16.0,17.0,3.3,17.0,23.6,122.7,0.19444444444444442,0.5,188,1005.4,900.8,
1,2026-01-17T06:55:00.000Z,5.0,5.0,4.5,97,0.0,0,3.0,16.0,17.0,3.3,17.0,23.6,122.7,0.1388888888888889,0.5,171,1005.6,901.0,
1,2026-01-17T07:00:00.000Z,5.0,5.0,4.5,97,0.0,0,1.2,16.0,17.0,0.0,17.0,23.6,122.7,0.25,0.5,170,1005.5,900.9,
1,2026-01-17T07:05:00.000Z,5.0,5.0,4.6,97,0.0,0,0.0,16.0,17.0,0.0,17.0,23.6,122.7,0.16666666666666666,0.5,196,1005.7,901.1,
1,2026-01-17T07:10:00.000Z,5.1,5.1,4.6,97,0.0,0,0.0,16.0,17.0,0.0,17.0,23.6,122.7,0.02777777777777778,0.5,174,1005.6,901.1,
1,2026-01-17T07:15:00.000Z,5.0,5.0,4.6,97,0.0,0,0.0,16.0,17.0,0.0,17.0,23.6,122.7,0.0,0.0,175,1005.7,901.1,
1,2026-01-17T07:20:00.000Z,5.0,5.0,4.5,97,0.0,0,0.0,16.0,17.0,0.0,17.0,23.6,122.7,0.2777777777777778,1.0,189,1005.5,900.9,
1,2026-01-17T07:25:00.000Z,5.1,5.1,4.5,96,0.0,0,0.0,16.0,17.0,0.0,17.0,23.6,122.7,0.0,0.0,175,1005.6,901.0,
1,2026-01-17T07:30:00.000Z,5.1,5.1,4.5,96,0.0,0,0.0,16.0,17.0,0.0,17.0,23.6,122.7,0.02777777777777778,0.5,169,1005.6,901.0,
1,2026-01-17T07:35:00.000Z,5.0,5.0,4.5,96,0.0,0,0.0,16.0,17.0,0.0,17.0,23.6,122.7,0.02777777777777778,0.5,171,1005.5,900.9,
1,2026-01-17T07:40:00.000Z,5.0,5.0,4.6,97,0.0,0,0.0,16.0,17.0,0.0,17.0,23.6,122.7,0.08333333333333333,0.5,169,1005.5,900.9,
1,2026-01-17T07:45:00.000Z,5.0,5.0,4.6,97,0.0,0,0.0,16.0,17.0,0.0,17.0,23.6,122.7,0.0,0.0,169,1005.5,900.9,
1,2026-01-17T07:50:00.000Z,5.0,5.0,4.5,97,0.0,0,0.0,16.0,17.0,0.0,17.0,23.6,122.7,0.05555555555555556,0.5,169,1005.5,901.0,
1,2026-01-17T07:55:00.000Z,5.0,5.0,4.5,96,0.0,0,1.8,16.3,17.3,0.3,17.3,23.9,123.0,0.08333333333333333,0.5,174,1005.5,900.9,
1,2026-01-17T08:00:00.000Z,5.0,5.0,4.4,96,0.0,0,1.8,16.3,17.3,0.0,17.3,23.9,123.0,0.25,0.5,173,1005.5,901.0,
1,2026-01-17T08:05:00.000Z,5.0,5.0,4.4,96,0.1,0,1.8,16.5,17.5,0.2,17.5,24.1,123.2,0.02777777777777778,0.5,179,1005.4,900.9,
1,2026-01-17T08:10:00.000Z,5.0,5.0,4.4,96,0.1,0,1.2,16.5,17.5,0.2,17.5,24.1,123.2,0.05555555555555556,0.5,177,1005.4,900.8,
1,2026-01-17T08:15:00.000Z,5.0,5.0,4.4,96,0.2,0,1.2,16.5,17.5,0.2,17.5,24.1,123.2,0.11111111111111112,0.5,177,1005.4,900.8,
1,2026-01-17T08:20:00.000Z,5.0,5.0,4.4,96,0.2,0,1.2,16.5,17.5,0.2,17.5,24.1,123.2,0.08333333333333333,0.5,174,1005.3,900.7,
1,2026-01-17T08:25:00.000Z,5.0,5.0,4.3,95,0.4,0,0.0,16.5,17.5,0.2,17.5,24.1,123.2,0.11111111111111112,0.5,194,1005.5,900.9,
1,2026-01-17T08:30:00.000Z,5.1,5.1,4.4,95,0.7,0,1.8,16.8,17.8,0.5,17.8,24.4,123.5,0.16666666666666666,0.5,181,1005.4,900.8,
1,2026-01-17T08:35:00.000Z,5.0,5.0,4.2,94,0.9,0,1.8,16.8,17.8,0.5,17.8,24.4,123.5,0.19444444444444442,1.5,183,1005.4,900.9,
1,2026-01-17T08:40:00.000Z,5.0,5.0,4.0,93,1.1,0,1.2,17.0,18.0,0.7,18.0,24.6,123.7,0.19444444444444442,1.0,172,1005.5,900.9,
1,2026-01-17T08:45:00.000Z,5.0,5.0,3.9,92,2.4,0,1.2,17.0,18.0,0.7,18.0,24.6,123.7,0.38888888888888884,1.5,180,1005.6,901.0,
1,2026-01-17T08:50:00.000Z,5.3,5.3,3.9,91,2.0,0,1.2,17.0,18.0,0.7,18.0,24.6,123.7,0.3055555555555556,1.0,160,1005.5,900.9,
1,2026-01-17T08:55:00.000Z,5.3,5.3,4.0,91,1.9,0,0.0,17.0,18.0,0.7,18.0,24.6,123.7,0.3055555555555556,1.0,178,1005.5,900.9,
1,2026-01-17T09:00:00.000Z,5.2,5.2,3.9,91,1.9,0,0.0,17.0,18.0,0.0,18.0,24.6,123.7,0.11111111111111112,0.5,175,1005.5,900.9,
1,2026-01-17T09:05:00.000Z,5.2,5.2,4.0,92,2.8,0,0.0,17.0,18.0,0.0,18.0,24.6,123.7,0.0,0.0,177,1005.5,900.9,
1,2026-01-17T09:10:00.000Z,5.0,5.0,4.1,94,4.6,0,0.0,17.0,18.0,0.0,18.0,24.6,123.7,0.1388888888888889,0.5,172,1005.4,900.8,
1,2026-01-17T09:15:00.000Z,4.8,4.8,3.9,94,3.9,0,0.0,17.0,18.0,0.0,18.0,24.6,123.7,0.02777777777777778,0.5,183,1005.2,900.6,
1,2026-01-17T09:20:00.000Z,5.0,5.0,3.7,91,3.7,0,0.0,17.0,18.0,0.0,18.0,24.6,123.7,0.3055555555555556,1.5,198,1005.2,900.6,
1,2026-01-17T09:25:00.000Z,5.0,5.0,4.1,94,6.7,0,0.0,17.0,18.0,0.0,18.0,24.6,123.7,0.11111111111111112,0.5,175,1005.3,900.7,
1,2026-01-17T09:30:00.000Z,4.9,4.9,3.9,93,9.8,0,1.8,17.3,18.3,0.3,18.3,24.9,124.0,0.11111111111111112,0.5,180,1005.4,900.8,
1,2026-01-17T09:35:00.000Z,4.9,4.9,4.0,94,8.9,0,1.8,17.3,18.3,0.3,18.3,24.9,124.0,0.08333333333333333,0.5,170,1005.4,900.8,
1,2026-01-17T09:40:00.000Z,4.9,4.9,4.0,94,9.6,0,1.8,17.5,18.5,0.5,18.5,25.1,124.2,0.25,1.0,151,1005.3,900.8,
1,2026-01-17T09:45:00.000Z,5.0,5.0,4.0,93,12.3,0,1.2,17.5,18.5,0.5,18.5,25.1,124.2,0.3055555555555556,1.0,154,1005.5,900.9,
1,2026-01-17T09:50:00.000Z,5.1,5.1,4.1,93,7.2,0,3.0,17.8,18.8,0.8,18.8,25.4,124.5,0.1388888888888889,0.5,170,1005.4,900.8,
1,2026-01-17T09:55:00.000Z,4.9,4.9,3.8,92,9.2,0,1.8,17.8,18.8,0.8,18.8,25.4,124.5,0.3055555555555556,2.0,162,1005.4,900.9,
1,2026-01-17T10:00:00.000Z,5.3,5.1,3.7,90,19.0,0,1.8,18.1,19.1,0.3,19.1,25.7,124.8,0.38888888888888884,2.0,169,1005.6,901.0,
1,2026-01-17T10:05:00.000Z,5.2,5.1,4.0,92,25.0,0,3.0,18.3,19.3,0.5,19.3,25.9,125.0,0.5555555555555556,1.5,178,1005.5,900.9,
1,2026-01-17T10:10:00.000Z,5.0,5.0,4.3,95,39.8,0,3.0,18.6,19.6,0.8,19.6,26.2,125.3,0.05555555555555556,0.5,175,1005.5,900.9,
1,2026-01-17T10:15:00.000Z,5.0,5.0,4.3,95,27.1,0,3.0,18.6,19.6,0.8,19.6,26.2,125.3,0.0,0.0,170,1005.5,900.9,
1,2026-01-17T10:20:00.000Z,5.0,5.0,4.2,95,29.9,0,1.8,18.6,19.6,0.8,19.6,26.2,125.3,0.4444444444444445,1.0,176,1005.5,901.0,
1,2026-01-17T10:25:00.000Z,5.0,5.0,4.2,94,34.1,0,1.8,18.8,19.8,1.0,19.8,26.4,125.5,0.02777777777777778,0.5,176,1005.5,901.0,
1,2026-01-17T10:30:00.000Z,5.1,5.1,4.3,95,43.5,0,1.2,18.8,19.8,1.0,19.8,26.4,125.5,0.25,1.0,173,1005.6,901.0,
1,2026-01-17T10:35:00.000Z,5.1,5.1,4.1,93,12.7,0,1.2,18.8,19.8,1.0,19.8,26.4,125.5,0.16666666666666666,0.5,175,1005.7,901.1,
1,2026-01-17T10:40:00.000Z,5.1,5.1,4.0,93,12.0,0,1.8,19.1,20.1,1.3,20.1,26.7,125.8,0.16666666666666666,1.0,153,1005.8,901.2,
1,2026-01-17T10:45:00.000Z,5.0,5.0,4.1,94,17.3,0,6.0,19.8,20.8,2.0,20.8,27.4,126.5,0.16666666666666666,0.5,165,1005.8,901.2,
1,2026-01-17T10:50:00.000Z,4.9,4.9,4.0,94,14.4,0,9.0,20.6,21.6,2.8,21.6,28.2,127.3,0.3055555555555556,1.0,191,1006.0,901.3,
1,2026-01-17T10:55:00.000Z,4.8,4.8,3.7,93,18.0,0,10.8,21.4,22.4,3.6,22.4,29.0,128.1,0.6944444444444444,2.0,188,1006.0,901.4,
1,2026-01-17T11:00:00.000Z,4.8,4.8,3.8,93,18.0,0,9.6,21.6,22.6,0.2,22.6,29.2,128.3,0.1388888888888889,0.5,178,1006.0,901.4,
1,2026-01-17T11:05:00.000Z,4.8,4.8,3.9,94,22.7,0,6.6,22.1,23.1,0.7,23.1,29.7,128.8,0.02777777777777778,0.5,171,1005.9,901.3,
1,2026-01-17T11:10:00.000Z,4.7,4.7,3.7,93,25.6,0,4.2,22.4,23.4,1.0,23.4,30.0,129.1,0.3611111111111111,1.0,178,1005.9,901.3,
1,2026-01-17T11:15:00.000Z,4.8,4.8,3.9,94,37.8,0,3.0,22.4,23.4,1.0,23.4,30.0,129.1,0.16666666666666666,0.5,159,1005.9,901.3,
1,2026-01-17T11:20:00.000Z,4.7,4.7,4.0,95,55.5,0,3.0,22.6,23.6,1.2,23.6,30.2,129.3,0.1388888888888889,0.5,160,1005.9,901.3,
1,2026-01-17T11:25:00.000Z,4.8,4.8,4.1,95,55.9,0,3.0,22.6,23.6,1.2,23.6,30.2,129.3,0.16666666666666666,0.5,156,1005.9,901.3,
1,2026-01-17T11:30:00.000Z,4.8,4.8,4.0,94,39.2,0,1.2,22.6,23.6,1.2,23.6,30.2,129.3,0.08333333333333333,0.5,191,1005.8,901.2,
1,2026-01-17T11:35:00.000Z,4.9,4.9,4.0,94,36.4,0,0.0,22.6,23.6,1.2,23.6,30.2,129.3,0.02777777777777778,0.5,174,1005.8,901.1,
1,2026-01-17T11:40:00.000Z,5.0,5.0,4.2,95,37.5,0,0.0,22.6,23.6,1.2,23.6,30.2,129.3,0.11111111111111112,0.5,171,1005.7,901.1,
1,2026-01-17T11:45:00.000Z,5.0,5.0,4.3,95,26.3,0,0.0,22.6,23.6,1.2,23.6,30.2,129.3,0.1388888888888889,0.5,166,1005.5,900.9,
1,2026-01-17T11:50:00.000Z,5.0,5.0,4.3,95,40.1,0,0.0,22.6,23.6,1.2,23.6,30.2,129.3,0.0,0.0,168,1005.4,900.8,
1,2026-01-17T11:55:00.000Z,5.0,5.0,4.3,95,38.4,0,0.0,22.6,23.6,1.2,23.6,30.2,129.3,0.11111111111111112,0.5,165,1005.2,900.6,
1,2026-01-17T12:00:00.000Z,5.0,5.0,4.3,95,20.6,0,1.8,22.9,23.9,0.3,23.9,30.5,129.6,0.0,0.0,171,1005.2,900.5,
1,2026-01-17T12:05:00.000Z,5.0,5.0,4.3,95,14.9,0,1.8,22.9,23.9,0.3,23.9,30.5,129.6,0.19444444444444442,1.0,154,1005.3,900.8,
1,2026-01-17T12:10:00.000Z,5.1,5.1,4.4,96,11.3,0,1.8,22.9,23.9,0.3,23.9,30.5,129.6,0.11111111111111112,0.5,160,1005.2,900.6,
1,2026-01-17T12:15:00.000Z,5.0,5.0,4.4,96,12.1,0,1.2,23.1,24.1,0.5,24.1,30.7,129.8,0.2777777777777778,0.5,166,1005.2,900.6,
1,2026-01-17T12:20:00.000Z,5.0,5.0,4.3,95,9.6,0,1.2,23.1,24.1,0.5,24.1,30.7,129.8,0.19444444444444442,0.5,170,1005.2,900.6,
1,2026-01-17T12:25:00.000Z,5.1,5.1,4.2,94,11.0,0,1.2,23.1,24.1,0.5,24.1,30.7,129.8,0.08333333333333333,0.5,157,1005.1,900.5,
1,2026-01-17T12:30:00.000Z,5.0,5.0,4.3,95,9.8,0,1.8,23.4,24.4,0.8,24.4,31.0,130.1,0.3611111111111111,1.0,138,1005.2,900.6,
1,2026-01-17T12:35:00.000Z,5.1,5.1,4.3,95,9.3,0,4.8,23.9,24.9,1.3,24.9,31.5,130.6,0.38888888888888884,1.0,140,1005.4,900.8,
1,2026-01-17T12:40:00.000Z,5.2,5.2,4.3,94,8.7,0,6.0,24.4,25.4,1.8,25.4,32.0,131.1,0.16666666666666666,1.0,164,1005.3,900.7,
1,2026-01-17T12:45:00.000Z,5.2,5.2,4.3,94,10.6,0,7.8,25.2,26.2,2.6,26.2,32.8,131.9,0.11111111111111112,0.5,182,1005.3,900.7,
1,2026-01-17T12:50:00.000Z,5.3,5.3,4.4,94,11.0,0,7.8,25.9,26.9,3.3,26.9,33.5,132.6,0.0,0.0,174,1005.1,900.5,
1,2026-01-17T12:55:00.000Z,5.2,5.2,4.5,96,9.8,0,7.8,26.4,27.4,3.8,27.4,34.0,133.1,0.25,1.0,158,1004.9,900.3,
1,2026-01-17T13:00:00.000Z,5.0,5.0,4.4,96,13.9,0,7.8,26.7,27.7,0.3,27.7,34.3,133.4,0.08333333333333333,0.5,173,1004.7,900.1,
1,2026-01-17T13:05:00.000Z,5.0,5.0,4.4,96,13.3,0,6.0,26.9,27.9,0.5,27.9,34.5,133.6,0.16666666666666666,0.5,165,1004.6,900.0,
1,2026-01-17T13:10:00.000Z,5.0,5.0,4.4,96,11.8,0,3.0,26.9,27.9,0.5,27.9,34.5,133.6,0.0,0.0,167,1004.6,900.0,
1,2026-01-17T13:15:00.000Z,5.0,5.0,4.4,96,12.9,0,1.8,27.2,28.2,0.8,28.2,34.8,133.9,0.25,1.0,150,1004.5,899.9,
1,2026-01-17T13:20:00.000Z,5.2,5.2,4.1,93,10.3,0,1.8,27.2,28.2,0.8,28.2,34.8,133.9,0.3055555555555556,1.5,180,1004.3,899.7,
1,2026-01-17T13:25:00.000Z,5.3,5.3,4.4,94,9.2,0,1.8,27.4,28.4,1.0,28.4,35.0,134.1,0.02777777777777778,0.5,163,1004.3,899.7,
1,2026-01-17T13:30:00.000Z,5.2,5.2,4.4,95,22.6,0,3.0,27.7,28.7,1.3,28.7,35.3,134.4,0.16666666666666666,0.5,174,1004.2,899.6,
1,2026-01-17T13:35:00.000Z,5.2,5.2,4.5,95,28.8,0,3.0,27.7,28.7,1.3,28.7,35.3,134.4,0.11111111111111112,0.5,163,1004.1,899.5,
1,2026-01-17T13:40:00.000Z,5.2,5.2,4.6,95,32.5,0,1.8,27.7,28.7,1.3,28.7,35.3,134.4,0.0,0.0,178,1004.2,899.6,
1,2026-01-17T13:45:00.000Z,5.3,5.3,4.6,96,39.6,0,0.0,27.7,28.7,1.3,28.7,35.3,134.4,0.16666666666666666,1.0,157,1004.1,899.5,
1,2026-01-17T13:50:00.000Z,5.3,5.3,4.7,96,33.1,0,1.8,28.0,29.0,1.6,29.0,35.6,134.7,0.25,1.0,176,1003.9,899.3,
1,2026-01-17T13:55:00.000Z,5.4,5.4,4.7,95,31.2,0,1.8,28.0,29.0,1.6,29.0,35.6,134.7,0.05555555555555556,0.5,175,1004.0,899.4,
1,2026-01-17T14:00:00.000Z,5.4,5.4,4.7,95,26.3,0,1.2,28.2,29.2,0.2,29.2,35.8,134.9,0.19444444444444442,0.5,170,1003.9,899.3,
1,2026-01-17T14:05:00.000Z,5.4,5.4,4.7,95,30.5,0,1.2,28.2,29.2,0.2,29.2,35.8,134.9,0.05555555555555556,0.5,173,1003.7,899.1,
1,2026-01-17T14:10:00.000Z,5.4,5.4,4.8,96,31.2,0,1.2,28.2,29.2,0.2,29.2,35.8,134.9,0.11111111111111112,1.0,180,1003.5,899.0,
1,2026-01-17T14:15:00.000Z,5.5,5.5,4.8,95,14.0,0,0.0,28.2,29.2,0.2,29.2,35.8,134.9,0.05555555555555556,0.5,168,1003.5,899.0,
1,2026-01-17T14:20:00.000Z,5.5,5.5,4.8,95,8.9,0,0.0,28.2,29.2,0.2,29.2,35.8,134.9,0.11111111111111112,0.5,171,1003.6,899.0,
1,2026-01-17T14:25:00.000Z,5.5,5.5,4.8,95,17.8,0,1.8,28.5,29.5,0.5,29.5,36.1,135.2,0.11111111111111112,0.5,155,1003.6,899.0,
1,2026-01-17T14:30:00.000Z,5.6,5.6,4.9,95,26.8,0,3.0,28.7,29.7,0.7,29.7,36.3,135.4,0.2777777777777778,1.5,184,1003.5,898.9,
1,2026-01-17T14:35:00.000Z,5.7,5.7,5.0,95,33.0,0,4.8,29.2,30.2,1.2,30.2,36.8,135.9,0.22222222222222224,0.5,181,1003.3,898.8,
1,2026-01-17T14:40:00.000Z,5.8,5.8,5.0,95,23.9,0,4.2,29.2,30.2,1.2,30.2,36.8,135.9,0.0,0.0,171,1003.3,898.7,
1,2026-01-17T14:45:00.000Z,5.8,5.8,5.1,96,9.3,0,3.0,29.5,30.5,1.5,30.5,37.1,136.2,0.0,0.0,166,1003.3,898.7,
1,2026-01-17T14:50:00.000Z,5.7,5.7,5.1,96,7.5,0,1.8,29.5,30.5,1.5,30.5,37.1,136.2,0.11111111111111112,0.5,153,1003.3,898.7,
1,2026-01-17T14:55:00.000Z,5.7,5.7,5.1,96,5.5,0,3.0,30.0,31.0,2.0,31.0,37.6,136.7,0.05555555555555556,0.5,172,1003.4,898.8,
1,2026-01-17T15:00:00.000Z,5.7,5.7,5.1,96,3.8,0,4.2,30.2,31.2,0.2,31.2,37.8,136.9,0.05555555555555556,0.5,158,1003.2,898.6,
1,2026-01-17T15:05:00.000Z,5.7,5.7,5.1,96,5.9,0,4.8,30.8,31.8,0.8,31.8,38.4,137.5,0.25,0.5,164,1003.1,898.4,
1,2026-01-17T15:10:00.000Z,5.7,5.7,5.1,96,5.9,0,6.0,31.3,32.3,1.3,32.3,38.9,138.0,0.1388888888888889,0.5,161,1003.2,898.6,
1,2026-01-17T15:15:00.000Z,5.8,5.8,5.2,96,4.7,0,6.0,31.8,32.8,1.8,32.8,39.4,138.5,0.02777777777777778,0.5,168,1003.2,898.6,
1,2026-01-17T15:20:00.000Z,5.8,5.8,5.2,96,5.8,0,7.8,32.5,33.5,2.5,33.5,40.1,139.2,0.22222222222222224,0.5,162,1003.2,898.6,
1,2026-01-17T15:25:00.000Z,5.9,5.9,5.2,96,5.8,0,7.8,33.0,34.0,3.0,34.0,40.6,139.7,0.3611111111111111,1.0,187,1003.2,898.7,
1,2026-01-17T15:30:00.000Z,6.1,5.9,5.3,95,5.6,0,10.8,34.1,35.1,4.1,35.1,41.7,140.8,0.8333333333333333,2.0,174,1003.5,898.9,
1,2026-01-17T15:35:00.000Z,6.1,6.1,5.4,95,4.3,0,10.8,35.1,36.1,5.1,36.1,42.7,141.8,0.38888888888888884,1.0,182,1003.5,898.9,
1,2026-01-17T15:40:00.000Z,6.0,6.0,5.3,95,5.9,0,10.8,35.6,36.6,5.6,36.6,43.2,142.3,0.4722222222222222,1.5,197,1003.5,898.9,
1,2026-01-17T15:45:00.000Z,5.9,5.9,5.2,95,6.7,0,9.0,36.1,37.1,6.1,37.1,43.7,142.8,0.05555555555555556,0.5,185,1003.5,898.9,
1,2026-01-17T15:50:00.000Z,5.9,5.9,5.2,95,3.5,0,6.0,36.6,37.6,6.6,37.6,44.2,143.3,0.0,0.0,182,1003.5,898.9,
1,2026-01-17T15:55:00.000Z,5.8,5.8,5.2,96,2.5,0,7.8,37.4,38.4,7.4,38.4,45.0,144.1,0.08333333333333333,0.5,170,1003.4,898.8,
1,2026-01-17T16:00:00.000Z,5.7,5.7,5.1,96,2.5,0,7.8,37.9,38.9,0.5,38.9,45.5,144.6,0.0,0.0,172,1003.5,898.9,
1,2026-01-17T16:05:00.000Z,5.6,5.6,5.2,97,2.3,0,7.8,38.6,39.6,1.2,39.6,46.2,145.3,0.02777777777777778,0.5,175,1003.5,898.9,
1,2026-01-17T16:10:00.000Z,5.6,5.6,5.2,97,2.5,0,10.2,39.6,40.6,2.2,40.6,47.2,146.3,0.02777777777777778,0.5,163,1003.4,898.8,
1,2026-01-17T16:15:00.000Z,5.5,5.5,4.9,96,2.3,0,12.0,40.4,41.4,3.0,41.4,48.0,147.1,0.16666666666666666,0.5,155,1003.5,898.9,
1,2026-01-17T16:20:00.000Z,5.3,5.3,4.5,95,2.5,0,12.6,41.7,42.7,4.3,42.7,49.3,148.4,0.6666666666666666,2.611111111111111,142,1003.6,899.0,
1,2026-01-17T16:25:00.000Z,5.2,5.2,4.3,94,2.5,0,12.6,42.4,43.4,5.0,43.4,50.0,149.1,0.5555555555555556,2.0,133,1003.6,899.0,
1,2026-01-17T16:30:00.000Z,5.1,5.1,4.2,94,2.2,0,12.0,43.2,44.2,5.8,44.2,50.8,149.9,0.5,1.0,139,1003.8,899.2,
1,2026-01-17T16:35:00.000Z,5.2,4.9,4.3,94,1.8,0,10.8,44.0,45.0,6.6,45.0,51.6,150.7,0.75,3.1111111111111107,150,1003.9,899.3,
1,2026-01-17T16:40:00.000Z,4.9,4.9,3.9,93,1.5,0,12.6,45.0,46.0,7.6,46.0,52.6,151.7,0.7222222222222222,2.611111111111111,114,1004.1,899.5,
1,2026-01-17T16:45:00.000Z,4.5,4.5,3.5,93,1.4,0,10.8,45.2,46.2,7.8,46.2,52.8,151.9,0.3333333333333333,1.0,175,1004.2,899.6,
1,2026-01-17T16:50:00.000Z,4.3,4.3,3.4,94,1.1,0,6.0,45.5,46.5,8.1,46.5,53.1,152.2,0.11111111111111112,0.5,179,1004.1,899.5,
1,2026-01-17T16:55:00.000Z,3.9,3.9,3.0,94,1.4,0,7.8,46.5,47.5,9.1,47.5,54.1,153.2,0.02777777777777778,0.5,165,1004.0,899.4,
1,2026-01-17T17:00:00.000Z,3.7,3.7,2.8,94,1.2,0,10.8,47.5,48.5,0.7,48.5,55.1,154.2,0.02777777777777778,0.5,165,1004.0,899.4,
1,2026-01-17T17:05:00.000Z,3.5,3.5,2.8,95,1.3,0,10.8,48.3,49.3,1.5,49.3,55.9,155.0,0.05555555555555556,0.5,165,1004.1,899.5,
1,2026-01-17T17:10:00.000Z,3.3,3.3,2.6,95,1.3,0,9.0,48.8,49.8,2.0,49.8,56.4,155.5,0.0,0.0,176,1004.2,899.6,
1,2026-01-17T17:15:00.000Z,3.3,3.3,2.7,96,1.1,0,7.8,49.3,50.3,2.5,50.3,56.9,156.0,0.0,0.0,181,1004.3,899.7,
1,2026-01-17T17:20:00.000Z,3.3,3.3,2.7,96,0.8,0,7.2,49.8,50.8,3.0,50.8,57.4,156.5,0.0,0.0,181,1004.4,899.8,
1,2026-01-17T17:25:00.000Z,3.3,3.3,2.8,97,0.4,0,6.0,50.1,51.1,3.3,51.1,57.7,156.8,0.0,0.0,179,1004.4,899.8,
1,2026-01-17T17:30:00.000Z,3.4,3.4,2.9,97,0.2,0,7.8,50.8,51.8,4.0,51.8,58.4,157.5,0.0,0.0,178,1004.4,899.8,
1,2026-01-17T17:35:00.000Z,3.2,3.2,2.8,97,0.1,0,7.8,51.3,52.3,4.5,52.3,58.9,158.0,0.0,0.0,178,1004.6,900.0,
1,2026-01-17T17:40:00.000Z,2.9,2.9,2.3,96,0.1,0,7.8,51.8,52.8,5.0,52.8,59.4,158.5,0.0,0.0,178,1004.5,899.9,
1,2026-01-17T17:45:00.000Z,2.7,2.7,2.1,96,0.1,0,7.2,52.3,53.3,5.5,53.3,59.9,159.0,0.02777777777777778,0.5,163,1004.6,900.0,
1,2026-01-17T17:50:00.000Z,2.4,2.4,1.8,96,0.1,0,9.6,53.4,54.4,6.6,54.4,61.0,160.1,0.11111111111111112,1.0,173,1004.7,900.1,
1,2026-01-17T17:55:00.000Z,2.1,2.1,1.6,96,0.0,0,9.6,53.9,54.9,7.1,54.9,61.5,160.6,0.02777777777777778,0.5,177,1004.8,900.2,
1,2026-01-17T18:00:00.000Z,1.8,1.8,1.2,96,0.0,0,7.8,54.1,55.1,0.2,55.1,61.7,160.8,0.05555555555555556,0.5,163,1004.7,900.1,
1,2026-01-17T18:05:00.000Z,1.2,1.2,0.7,96,0.0,0,4.8,54.4,55.4,0.5,55.4,62.0,161.1,0.0,0.0,174,1004.8,900.2,
1,2026-01-17T18:10:00.000Z,0.9,0.9,0.4,96,0.0,0,7.8,55.4,56.4,1.5,56.4,63.0,162.1,0.0,0.0,175,1004.6,900.0,
1,2026-01-17T18:15:00.000Z,0.7,0.7,0.3,97,0.0,0,9.0,55.9,56.9,2.0,56.9,63.5,162.6,0.0,0.0,175,1004.5,899.9,
1,2026-01-17T18:20:00.000Z,0.7,0.7,0.3,97,0.0,0,7.8,56.2,57.2,2.3,57.2,63.8,162.9,0.02777777777777778,0.5,184,1004.4,899.8,
1,2026-01-17T18:25:00.000Z,0.8,0.8,0.3,97,0.0,0,4.8,56.2,57.2,2.3,57.2,63.8,162.9,0.0,0.0,181,1004.4,899.7,
1,2026-01-17T18:30:00.000Z,0.8,0.8,0.4,97,0.0,0,3.0,56.4,57.4,2.5,57.4,64.0,163.1,0.0,0.0,178,1004.3,899.7,
1,2026-01-17T18:35:00.000Z,0.9,0.9,0.4,97,0.0,0,3.0,56.7,57.7,2.8,57.7,64.3,163.4,0.0,0.0,171,1004.2,899.6,
1,2026-01-17T18:40:00.000Z,0.9,0.9,0.4,97,0.0,0,3.0,56.9,57.9,3.0,57.9,64.5,163.6,0.0,0.0,170,1004.4,899.8,
1,2026-01-17T18:45:00.000Z,0.9,0.9,0.4,97,0.0,0,3.0,57.2,58.2,3.3,58.2,64.8,163.9,0.0,0.0,173,1004.3,899.7,
1,2026-01-17T18:50:00.000Z,1.0,1.0,0.6,97,0.0,0,3.0,57.2,58.2,3.3,58.2,64.8,163.9,0.02777777777777778,0.5,170,1004.3,899.7,
1,2026-01-17T18:55:00.000Z,1.0,1.0,0.6,97,0.0,0,3.0,57.4,58.4,3.5,58.4,65.0,164.1,0.0,0.0,170,1004.4,899.8,
1,2026-01-17T19:00:00.000Z,1.0,1.0,0.6,97,0.0,0,1.2,57.4,58.4,0.0,58.4,65.0,164.1,0.0,0.0,169,1004.3,899.7,
1,2026-01-17T19:05:00.000Z,1.1,1.1,0.7,97,0.0,0,3.0,57.7,58.7,0.3,58.7,65.3,164.4,0.0,0.0,169,1004.3,899.7,
1,2026-01-17T19:10:00.000Z,1.1,1.1,0.7,97,0.0,0,3.0,57.9,58.9,0.5,58.9,65.5,164.6,0.0,0.0,170,1004.1,899.5,
1,2026-01-17T19:15:00.000Z,1.1,1.1,0.7,97,0.0,0,3.0,57.9,58.9,0.5,58.9,65.5,164.6,0.0,0.0,178,1004.3,899.7,
1,2026-01-17T19:20:00.000Z,1.2,1.2,0.9,98,0.0,0,3.0,58.2,59.2,0.8,59.2,65.8,164.9,0.0,0.0,179,1004.3,899.7,
1,2026-01-17T19:25:00.000Z,1.2,1.2,0.9,98,0.0,0,3.0,58.4,59.4,1.0,59.4,66.0,165.1,0.0,0.0,175,1004.4,899.8,
1,2026-01-17T19:30:00.000Z,1.3,1.3,1.0,98,0.0,0,3.0,58.4,59.4,1.0,59.4,66.0,165.1,0.16666666666666666,0.5,168,1004.3,899.7,
1,2026-01-17T19:35:00.000Z,1.3,1.3,1.0,98,0.0,0,3.0,58.7,59.7,1.3,59.7,66.3,165.4,0.11111111111111112,0.5,183,1004.2,899.6,
1,2026-01-17T19:40:00.000Z,1.3,1.3,1.0,98,0.0,0,1.8,58.7,59.7,1.3,59.7,66.3,165.4,0.05555555555555556,0.5,178,1004.1,899.5,
1,2026-01-17T19:45:00.000Z,1.5,1.5,1.2,98,0.0,0,1.2,58.9,59.9,1.5,59.9,66.5,165.6,0.02777777777777778,0.5,184,1004.2,899.6,
1,2026-01-17T19:50:00.000Z,1.5,1.5,1.2,98,0.0,0,1.2,58.9,59.9,1.5,59.9,66.5,165.6,0.0,0.0,185,1004.2,899.6,
1,2026-01-17T19:55:00.000Z,1.6,1.6,1.3,98,0.0,0,3.0,59.2,60.2,1.8,60.2,66.8,165.9,0.0,0.0,181,1004.2,899.6,
1,2026-01-17T20:00:00.000Z,1.6,1.6,1.3,98,0.0,0,3.6,0.3,60.5,0.3,60.5,67.1,166.2,0.0,0.0,182,1004.2,899.6,
1,2026-01-17T20:05:00.000Z,1.6,1.6,1.3,98,0.0,0,1.8,0.3,60.5,0.3,60.5,67.1,166.2,0.0,0.0,176,1004.3,899.7,
1,2026-01-17T20:10:00.000Z,1.6,1.6,1.4,98,0.0,0,3.0,0.5,60.7,0.5,60.7,67.3,166.4,0.08333333333333333,0.5,163,1004.2,899.6,
1,2026-01-17T20:15:00.000Z,1.7,1.7,1.4,98,0.0,0,1.2,0.5,60.7,0.5,60.7,67.3,166.4,0.1388888888888889,0.5,193,1004.2,899.6,
1,2026-01-17T20:20:00.000Z,1.8,1.8,1.5,98,0.0,0,1.8,0.8,61.0,0.8,61.0,67.6,166.7,0.08333333333333333,0.5,190,1004.2,899.6,
1,2026-01-17T20:25:00.000Z,1.9,1.9,1.6,98,0.0,0,1.8,0.8,61.0,0.8,61.0,67.6,166.7,0.0,0.0,182,1004.1,899.5,
1,2026-01-17T20:30:00.000Z,2.0,2.0,1.7,98,0.0,0,1.8,1.0,61.2,1.0,61.2,67.8,166.9,0.0,0.0,178,1004.1,899.5,
1,2026-01-17T20:35:00.000Z,1.9,1.9,1.6,98,0.0,0,1.2,1.0,61.2,1.0,61.2,67.8,166.9,0.08333333333333333,0.5,202,1004.0,899.4,
1,2026-01-17T20:40:00.000Z,1.9,1.9,1.7,98,0.0,0,3.0,1.3,61.5,1.3,61.5,68.1,167.2,0.0,0.0,177,1004.1,899.5,
1,2026-01-17T20:45:00.000Z,1.9,1.9,1.6,98,0.0,0,1.8,1.3,61.5,1.3,61.5,68.1,167.2,0.0,0.0,178,1003.9,899.3,
1,2026-01-17T20:50:00.000Z,1.9,1.9,1.7,98,0.0,0,3.0,1.5,61.7,1.5,61.7,68.3,167.4,0.0,0.0,175,1004.0,899.4,
1,2026-01-17T20:55:00.000Z,2.0,2.0,1.7,98,0.0,0,3.0,1.8,62.0,1.8,62.0,68.6,167.7,0.0,0.0,176,1004.0,899.4,
1,2026-01-17T21:00:00.000Z,2.0,2.0,1.7,98,0.0,0,3.0,1.8,62.0,0.0,62.0,68.6,167.7,0.0,0.0,177,1004.1,899.5,
1,2026-01-17T21:05:00.000Z,2.0,2.0,1.7,98,0.0,0,3.0,2.0,62.2,0.2,62.2,68.8,167.9,0.0,0.0,178,1003.9,899.3,
1,2026-01-17T21:10:00.000Z,2.0,2.0,1.7,98,0.0,0,1.2,2.0,62.2,0.2,62.2,68.8,167.9,0.0,0.0,177,1004.0,899.4,
1,2026-01-17T21:15:00.000Z,2.1,2.1,1.8,98,0.0,0,1.8,2.3,62.5,0.5,62.5,69.1,168.2,0.0,0.0,173,1003.9,899.3,
1,2026-01-17T21:20:00.000Z,2.1,2.1,1.8,98,0.0,0,1.8,2.3,62.5,0.5,62.5,69.1,168.2,0.0,0.0,169,1004.0,899.4,
1,2026-01-17T21:25:00.000Z,2.2,2.2,1.9,98,0.0,0,3.0,2.8,63.0,1.0,63.0,69.6,168.7,0.0,0.0,170,1004.0,899.4,
1,2026-01-17T21:30:00.000Z,2.3,2.3,2.0,98,0.0,0,3.0,2.8,63.0,1.0,63.0,69.6,168.7,0.05555555555555556,0.5,165,1003.9,899.3,
1,2026-01-17T21:35:00.000Z,2.4,2.4,2.1,98,0.0,0,3.0,2.8,63.0,1.0,63.0,69.6,168.7,0.02777777777777778,0.5,166,1004.0,899.4,
1,2026-01-17T21:40:00.000Z,2.5,2.5,2.2,98,0.0,0,1.2,3.0,63.2,1.2,63.2,69.8,168.9,0.02777777777777778,0.5,167,1003.9,899.3,
1,2026-01-17T21:45:00.000Z,2.5,2.5,2.2,98,0.0,0,1.2,3.0,63.2,1.2,63.2,69.8,168.9,0.08333333333333333,0.5,183,1004.1,899.5,
1,2026-01-17T21:50:00.000Z,2.5,2.5,2.2,98,0.0,0,1.8,3.3,63.5,1.5,63.5,70.1,169.2,0.0,0.0,179,1004.1,899.5,
1,2026-01-17T21:55:00.000Z,2.6,2.6,2.3,98,0.0,0,1.8,3.3,63.5,1.5,63.5,70.1,169.2,0.0,0.0,181,1004.1,899.5,
1,2026-01-17T22:00:00.000Z,2.5,2.5,2.2,98,0.0,0,1.8,3.6,63.8,0.3,63.8,70.4,169.5,0.0,0.0,180,1004.1,899.5,
1,2026-01-17T22:05:00.000Z,2.5,2.5,2.2,98,0.0,0,1.8,3.6,63.8,0.3,63.8,70.4,169.5,0.0,0.0,176,1003.9,899.3,
1,2026-01-17T22:10:00.000Z,2.5,2.5,2.2,98,0.0,0,3.0,3.8,64.0,0.5,64.0,70.6,169.7,0.11111111111111112,0.5,179,1004.0,899.4,
1,2026-01-17T22:15:00.000Z,2.6,2.6,2.3,98,0.0,0,3.0,4.1,64.3,0.8,64.3,70.9,170.0,0.0,0.0,168,1004.0,899.4,
1,2026-01-17T22:20:00.000Z,2.7,2.7,2.4,98,0.0,0,3.0,4.3,64.5,1.0,64.5,71.1,170.2,0.0,0.0,166,1004.1,899.5,
1,2026-01-17T22:25:00.000Z,2.7,2.7,2.4,98,0.0,0,3.0,4.6,64.8,1.3,64.8,71.4,170.5,0.02777777777777778,0.5,177,1004.1,899.5,
1,2026-01-17T22:30:00.000Z,2.8,2.8,2.5,98,0.0,0,4.2,4.8,65.0,1.5,65.0,71.6,170.7,0.0,0.0,179,1004.2,899.6,
1,2026-01-17T22:35:00.000Z,2.8,2.8,2.5,98,0.0,0,4.8,5.1,65.3,1.8,65.3,71.9,171.0,0.0,0.0,181,1004.2,899.6,
1,2026-01-17T22:40:00.000Z,2.7,2.7,2.5,98,0.0,0,4.8,5.6,65.8,2.3,65.8,72.4,171.5,0.0,0.0,184,1004.3,899.7,
1,2026-01-17T22:45:00.000Z,2.6,2.6,2.3,98,0.0,0,4.8,5.8,66.0,2.5,66.0,72.6,171.7,0.0,0.0,174,1004.2,899.6,
1,2026-01-17T22:50:00.000Z,2.7,2.7,2.4,98,0.0,0,3.0,5.8,66.0,2.5,66.0,72.6,171.7,0.11111111111111112,0.5,167,1004.2,899.6,
1,2026-01-17T22:55:00.000Z,2.8,2.8,2.6,98,0.0,0,3.0,6.3,66.5,3.0,66.5,73.1,172.2,0.02777777777777778,0.5,172,1004.2,899.6,
1,2026-01-17T23:00:00.000Z,2.9,2.9,2.6,98,0.0,0,4.8,6.6,66.8,0.3,66.8,73.4,172.5,0.02777777777777778,0.5,177,1004.3,899.7,
1,2026-01-17T23:05:00.000Z,3.0,3.0,2.7,98,0.0,0,4.8,6.9,67.1,0.6,67.1,73.7,172.8,0.0,0.0,179,1004.4,899.8,
1,2026-01-17T23:10:00.000Z,3.0,3.0,2.7,98,0.0,0,4.8,7.4,67.6,1.1,67.6,74.2,173.3,0.19444444444444442,0.5,174,1004.2,899.6,
1,2026-01-17T23:15:00.000Z,3.0,3.0,2.7,98,0.0,0,4.8,7.6,67.8,1.3,67.8,74.4,173.5,0.25,1.0,179,1004.2,899.6,
1,2026-01-17T23:20:00.000Z,3.0,3.0,2.7,98,0.0,0,4.8,7.9,68.1,1.6,68.1,74.7,173.8,0.02777777777777778,0.5,172,1004.3,899.7,
1,2026-01-17T23:25:00.000Z,3.0,3.0,2.7,98,0.0,0,4.2,8.1,68.3,1.8,68.3,74.9,174.0,0.0,0.0,176,1004.1,899.5,
1,2026-01-17T23:30:00.000Z,2.8,2.8,2.5,98,0.0,0,4.8,7.1,0.8,0.8,67.3,73.9,173.0,0.0,0.0,181,1013.1,899.4,
1,2026-01-17T23:35:00.000Z,2.8,2.8,2.5,98,0.0,0,6.0,7.3,1.0,1.0,67.5,74.1,173.2,0.0,0.0,179,1013.2,899.5,
1,2026-01-17T23:40:00.000Z,2.8,2.8,2.5,98,0.0,0,6.0,7.6,1.3,1.3,67.8,74.4,173.5,0.0,0.0,181,1013.0,899.3,
1,2026-01-17T23:45:00.000Z,2.8,2.8,2.5,98,0.0,0,3.0,7.8,1.5,1.5,68.0,74.6,173.7,0.0,0.0,182,1013.0,899.2,
1,2026-01-17T23:50:00.000Z,2.7,2.7,2.4,98,0.0,0,3.0,8.1,1.8,1.8,68.3,74.9,174.0,0.0,0.0,183,1012.9,899.2,
1,2026-01-17T23:55:00.000Z,2.7,2.7,2.4,98,0.0,0,3.0,8.1,1.8,1.8,68.3,74.9,174.0,0.0,0.0,183,1012.9,899.2,
1,2026-01-18T00:00:00.000Z,2.7,2.7,2.4,98,0.0,0,1.8,8.3,2.0,0.2,68.5,75.1,174.2,0.0,0.0,184,1012.9,899.1,
1,2026-01-18T00:05:00.000Z,2.7,2.7,2.4,98,0.0,0,1.2,8.3,2.0,0.2,68.5,75.1,174.2,0.0,0.0,184,1012.7,899.0,
1,2026-01-18T00:10:00.000Z,2.6,2.6,2.3,98,0.0,0,1.2,8.3,2.0,0.2,68.5,75.1,174.2,0.0,0.0,184,1012.7,899.0,
1,2026-01-18T00:15:00.000Z,2.6,2.6,2.3,98,0.0,0,0.0,8.3,2.0,0.2,68.5,75.1,174.2,0.0,0.0,184,1012.7,899.0,
1,2026-01-18T00:20:00.000Z,2.6,2.6,2.3,98,0.0,0,0.0,8.3,2.0,0.2,68.5,75.1,174.2,0.0,0.0,184,1012.7,899.0,
1,2026-01-18T00:25:00.000Z,2.6,2.6,2.3,98,0.0,0,1.8,8.6,2.3,0.5,68.8,75.4,174.5,0.0,0.0,184,1012.7,899.0,
1,2026-01-18T00:30:00.000Z,2.6,2.6,2.3,98,0.0,0,1.8,8.6,2.3,0.5,68.8,75.4,174.5,0.0,0.0,185,1012.7,899.0,
1,2026-01-18T00:35:00.000Z,2.5,2.5,2.2,98,0.0,0,1.8,8.6,2.3,0.5,68.8,75.4,174.5,0.0,0.0,185,1012.7,899.0,
1,2026-01-18T00:40:00.000Z,2.6,2.6,2.3,98,0.0,0,1.2,8.8,2.5,0.7,69.0,75.6,174.7,0.05555555555555556,0.5,184,1012.5,898.9,
1,2026-01-18T00:45:00.000Z,2.6,2.6,2.3,98,0.0,0,1.2,8.8,2.5,0.7,69.0,75.6,174.7,0.0,0.0,185,1012.7,899.0,
1,2026-01-18T00:50:00.000Z,2.6,2.6,2.3,98,0.0,0,1.8,9.1,2.8,1.0,69.3,75.9,175.0,0.0,0.0,185,1012.7,899.0,
1,2026-01-18T00:55:00.000Z,2.6,2.6,2.3,98,0.0,0,1.8,9.1,2.8,1.0,69.3,75.9,175.0,0.0,0.0,185,1012.6,898.9,
1,2026-01-18T01:00:00.000Z,2.6,2.6,2.3,98,0.0,0,3.0,9.3,3.0,0.0,69.5,76.1,175.2,0.0,0.0,185,1012.6,898.9,
1,2026-01-18T01:05:00.000Z,2.6,2.6,2.3,98,0.0,0,1.2,9.3,3.0,0.0,69.5,76.1,175.2,0.0,0.0,185,1012.6,898.9,
1,2026-01-18T01:10:00.000Z,2.6,2.6,2.3,98,0.0,0,1.8,9.6,3.3,0.3,69.8,76.4,175.5,0.0,0.0,185,1012.6,898.9,
1,2026-01-18T01:15:00.000Z,2.7,2.7,2.4,98,0.0,0,3.6,9.9,3.6,0.6,70.1,76.7,175.8,0.0,0.0,185,1012.4,898.8,
1,2026-01-18T01:25:00.000Z,2.8,2.8,2.5,98,0.0,0,4.8,10.1,0.8,0.8,70.3,76.9,176.0,0.0,0.0,185,1013.4,899.0,
1,2026-01-18T01:30:00.000Z,2.8,2.8,2.5,98,0.0,0,6.0,10.6,1.3,1.3,70.8,77.4,176.5,0.0,0.0,186,1013.5,899.1,
1,2026-01-18T01:35:00.000Z,2.8,2.8,2.5,98,0.0,0,6.0,10.8,1.5,1.5,71.0,77.6,176.7,0.0,0.0,187,1013.6,899.1,
1,2026-01-18T01:40:00.000Z,2.8,2.8,2.5,98,0.0,0,4.8,11.1,1.8,1.8,71.3,77.9,177.0,0.16666666666666666,0.5,178,1013.5,899.0,
1,2026-01-18T01:45:00.000Z,2.9,2.9,2.6,98,0.0,0,4.8,11.6,2.3,2.3,71.8,78.4,177.5,0.02777777777777778,0.5,178,1013.5,899.1,
1,2026-01-18T01:50:00.000Z,2.9,2.9,2.6,98,0.0,0,7.2,12.3,3.0,3.0,72.5,79.1,178.2,0.16666666666666666,0.5,156,1013.5,899.0,
1,2026-01-18T01:55:00.000Z,3.0,3.0,2.7,98,0.0,0,7.8,12.9,3.6,3.6,73.1,79.7,178.8,0.19444444444444442,0.5,159,1013.3,898.9,
1,2026-01-18T02:00:00.000Z,3.3,3.3,3.0,98,0.0,0,7.8,13.6,4.3,0.7,73.8,80.4,179.5,0.3055555555555556,1.0,167,1013.3,898.9,
1,2026-01-18T02:05:00.000Z,3.3,3.3,3.0,98,0.0,0,7.8,14.1,4.8,1.2,74.3,80.9,180.0,0.0,0.0,180,1013.5,899.0,
1,2026-01-18T02:10:00.000Z,3.2,3.2,2.9,98,0.0,0,9.0,14.6,5.3,1.7,74.8,81.4,180.5,0.02777777777777778,0.5,171,1013.5,899.1,
1,2026-01-18T02:15:00.000Z,3.1,3.1,2.8,98,0.0,0,6.0,15.1,5.8,2.2,75.3,81.9,181.0,0.11111111111111112,0.5,172,1013.6,899.2,
1,2026-01-18T02:20:00.000Z,3.0,3.0,2.8,98,0.0,0,6.6,15.7,6.4,2.8,75.9,82.5,181.6,0.08333333333333333,0.5,124,1013.5,899.1,
1,2026-01-18T02:25:00.000Z,2.9,2.9,2.7,98,0.0,0,6.6,15.9,6.6,3.0,76.1,82.7,181.8,0.0,0.0,175,1013.5,899.1,
1,2026-01-18T02:30:00.000Z,2.8,2.8,2.5,98,0.0,0,6.6,16.2,6.9,3.3,76.4,83.0,182.1,0.02777777777777778,0.5,172,1013.5,899.1,
1,2026-01-18T02:35:00.000Z,2.7,2.7,2.5,98,0.0,0,4.2,16.4,7.1,3.5,76.6,83.2,182.3,0.0,0.0,172,1013.6,899.1,
1,2026-01-18T02:40:00.000Z,2.7,2.7,2.4,98,0.0,0,1.2,16.4,7.1,3.5,76.6,83.2,182.3,0.02777777777777778,0.5,177,1013.6,899.1,
1,2026-01-18T02:45:00.000Z,2.8,2.8,2.5,98,0.0,0,1.8,16.7,7.4,3.8,76.9,83.5,182.6,0.0,0.0,179,1013.6,899.1,
1,2026-01-18T02:50:00.000Z,2.7,2.7,2.4,98,0.0,0,1.8,16.7,7.4,3.8,76.9,83.5,182.6,0.0,0.0,179,1013.5,899.1,
1,2026-01-18T02:55:00.000Z,2.7,2.7,2.4,98,0.0,0,1.8,16.7,7.4,3.8,76.9,83.5,182.6,0.0,0.0,179,1013.6,899.2,
1,2026-01-18T03:00:00.000Z,2.8,2.8,2.5,98,0.0,0,1.2,16.9,7.6,0.2,77.1,83.7,182.8,0.0,0.0,169,1013.6,899.1,
1,2026-01-18T03:05:00.000Z,2.6,2.6,2.4,99,0.0,0,0.0,16.7,0.0,0.0,76.9,83.5,182.6,0.0,0.0,23,1013.2,899.2,
1,2026-01-18T03:10:00.000Z,2.6,2.6,2.4,99,0.0,0,1.8,17.0,0.3,0.3,77.2,83.8,182.9,0.0,0.0,52,1013.3,899.3,
1,2026-01-18T03:15:00.000Z,2.6,2.6,2.4,99,0.0,0,1.8,17.0,0.3,0.3,77.2,83.8,182.9,0.0,0.0,23,1013.3,899.3,
1,2026-01-18T03:20:00.000Z,2.5,2.5,2.3,99,0.0,0,1.8,17.0,0.3,0.3,77.2,83.8,182.9,0.08333333333333333,0.5,82,1013.2,899.2,
1,2026-01-18T03:25:00.000Z,2.5,2.5,2.3,99,0.0,0,0.0,17.0,0.3,0.3,77.2,83.8,182.9,0.0,0.0,15,1013.2,899.1,
1,2026-01-18T03:30:00.000Z,2.4,2.4,2.2,99,0.0,0,0.0,17.0,0.3,0.3,77.2,83.8,182.9,0.0,0.0,25,1013.2,899.1,
1,2026-01-18T03:35:00.000Z,2.4,2.4,2.2,99,0.0,0,0.0,17.0,0.3,0.3,77.2,83.8,182.9,0.0,0.0,14,1013.2,899.1,
1,2026-01-18T03:40:00.000Z,2.4,2.4,2.2,99,0.0,0,0.0,17.0,0.3,0.3,77.2,83.8,182.9,0.0,0.0,329,1013.2,899.1,
1,2026-01-18T03:45:00.000Z,2.5,2.5,2.3,99,0.0,0,1.2,17.2,0.5,0.5,77.4,84.0,183.1,0.0,0.0,13,1013.1,899.1,
1,2026-01-18T03:50:00.000Z,2.6,2.6,2.4,99,0.0,0,1.2,17.2,0.5,0.5,77.4,84.0,183.1,0.0,0.0,16,1013.2,899.1,
1,2026-01-18T03:55:00.000Z,2.6,2.6,2.4,99,0.0,0,1.2,17.2,0.5,0.5,77.4,84.0,183.1,0.0,0.0,15,1013.2,899.2,
1,2026-01-18T04:00:00.000Z,2.6,2.6,2.4,99,0.0,0,1.2,17.2,0.5,0.0,77.4,84.0,183.1,0.0,0.0,4,1013.0,899.0,
1,2026-01-18T04:05:00.000Z,2.6,2.6,2.4,99,0.0,0,0.0,17.2,0.5,0.0,77.4,84.0,183.1,0.0,0.0,24,1013.1,899.1,
1,2026-01-18T04:10:00.000Z,2.6,2.6,2.5,99,0.0,0,0.0,17.2,0.5,0.0,77.4,84.0,183.1,0.0,0.0,45,1013.1,899.1,
1,2026-01-18T04:15:00.000Z,2.6,2.6,2.4,99,0.0,0,0.0,17.2,0.5,0.0,77.4,84.0,183.1,0.0,0.0,60,1013.1,899.1,
1,2026-01-18T04:20:00.000Z,2.4,2.4,2.2,99,0.0,0,0.0,17.2,0.5,0.0,77.4,84.0,183.1,0.0,0.0,49,1013.1,899.1,
1,2026-01-18T04:25:00.000Z,2.4,2.4,2.2,99,0.0,0,0.0,17.2,0.5,0.0,77.4,84.0,183.1,0.0,0.0,48,1013.2,899.1,
1,2026-01-18T04:30:00.000Z,2.3,2.3,2.1,99,0.0,0,0.0,17.2,0.5,0.0,77.4,84.0,183.1,0.0,0.0,48,1013.2,899.1,
1,2026-01-18T04:35:00.000Z,2.3,2.3,2.1,99,0.0,0,0.0,17.2,0.5,0.0,77.4,84.0,183.1,0.0,0.0,38,1013.1,899.1,
1,2026-01-18T04:40:00.000Z,2.3,2.3,2.1,99,0.0,0,0.0,17.2,0.5,0.0,77.4,84.0,183.1,0.0,0.0,36,1013.1,899.1,
1,2026-01-18T04:45:00.000Z,2.4,2.4,2.2,99,0.0,0,0.0,17.2,0.5,0.0,77.4,84.0,183.1,0.0,0.0,36,1013.1,899.1,
1,2026-01-18T04:50:00.000Z,2.4,2.4,2.2,99,0.0,0,0.0,17.2,0.5,0.0,77.4,84.0,183.1,0.0,0.0,29,1013.1,899.1,
1,2026-01-18T04:55:00.000Z,2.4,2.4,2.2,99,0.0,0,0.0,17.2,0.5,0.0,77.4,84.0,183.1,0.0,0.0,29,1013.1,899.1,
1,2026-01-18T05:00:00.000Z,2.5,2.5,2.3,99,0.0,0,0.0,17.2,0.5,0.0,77.4,84.0,183.1,0.0,0.0,27,1013.1,899.1,
1,2026-01-18T05:05:00.000Z,2.5,2.5,2.3,99,0.0,0,0.0,17.2,0.0,0.0,77.4,84.0,183.1,0.0,0.0,27,1013.2,899.2,
1,2026-01-18T05:10:00.000Z,2.7,2.7,2.4,98,0.0,0,0.0,17.2,0.0,0.0,77.4,84.0,183.1,0.0,0.0,184,1013.2,899.1,
1,2026-01-18T05:15:00.000Z,2.7,2.7,2.4,98,0.0,0,0.0,17.2,0.0,0.0,77.4,84.0,183.1,0.0,0.0,184,1013.3,899.3,
1,2026-01-18T05:20:00.000Z,2.7,2.7,2.4,98,0.0,0,0.0,17.2,0.0,0.0,77.4,84.0,183.1,0.0,0.0,185,1013.2,899.2,
1,2026-01-18T05:25:00.000Z,2.7,2.7,2.5,98,0.0,0,0.0,17.2,0.0,0.0,77.4,84.0,183.1,0.0,0.0,183,1013.2,899.2,
1,2026-01-18T05:30:00.000Z,2.8,2.8,2.5,98,0.0,0,0.0,17.2,0.0,0.0,77.4,84.0,183.1,0.0,0.0,180,1013.2,899.2,
1,2026-01-18T05:35:00.000Z,2.8,2.8,2.5,98,0.0,0,1.8,17.5,0.3,0.3,77.7,84.3,183.4,0.0,0.0,180,1013.3,899.3,
1,2026-01-18T05:40:00.000Z,2.8,2.8,2.5,98,0.0,0,1.8,17.5,0.3,0.3,77.7,84.3,183.4,0.0,0.0,181,1013.3,899.3,
1,2026-01-18T05:45:00.000Z,2.8,2.8,2.5,98,0.0,0,1.8,17.5,0.3,0.3,77.7,84.3,183.4,0.0,0.0,181,1013.4,899.4,
1,2026-01-18T05:50:00.000Z,2.9,2.9,2.6,98,0.0,0,1.2,17.7,0.5,0.5,77.9,84.5,183.6,0.0,0.0,183,1013.4,899.4,
1,2026-01-18T05:55:00.000Z,2.9,2.9,2.6,98,0.0,0,4.2,18.2,1.0,1.0,78.4,85.0,184.1,0.0,0.0,184,1013.4,899.4,
1,2026-01-18T06:00:00.000Z,3.0,3.0,2.7,98,0.0,0,4.2,18.2,1.0,0.0,78.4,85.0,184.1,0.0,0.0,183,1013.5,899.5,
1,2026-01-18T06:05:00.000Z,3.0,3.0,2.7,98,0.0,0,4.8,18.5,1.3,0.3,78.7,85.3,184.4,0.0,0.0,184,1013.5,899.4,
1,2026-01-18T06:10:00.000Z,3.0,3.0,2.7,98,0.0,0,1.8,18.5,1.3,0.3,78.7,85.3,184.4,0.0,0.0,173,1013.4,899.4,
1,2026-01-18T06:15:00.000Z,3.0,3.0,2.7,98,0.0,0,1.8,18.5,1.3,0.3,78.7,85.3,184.4,0.0,0.0,174,1013.5,899.5,
1,2026-01-18T06:20:00.000Z,3.0,3.0,2.7,98,0.0,0,3.0,19.0,1.8,0.8,79.2,85.8,184.9,0.0,0.0,175,1013.6,899.5,
1,2026-01-18T06:25:00.000Z,3.0,3.0,2.7,98,0.0,0,4.2,19.2,2.0,1.0,79.4,86.0,185.1,0.02777777777777778,0.5,178,1013.6,899.6,
1,2026-01-18T06:30:00.000Z,3.0,3.0,2.7,98,0.0,0,4.2,19.2,2.0,1.0,79.4,86.0,185.1,0.0,0.0,180,1013.7,899.6,
1,2026-01-18T06:35:00.000Z,3.0,3.0,2.7,98,0.0,0,1.2,19.2,2.0,1.0,79.4,86.0,185.1,0.0,0.0,177,1013.7,899.7,
1,2026-01-18T06:40:00.000Z,3.0,3.0,2.7,98,0.0,0,1.8,19.5,2.3,1.3,79.7,86.3,185.4,0.0,0.0,172,1013.7,899.7,
1,2026-01-18T06:45:00.000Z,3.0,3.0,2.7,98,0.0,0,1.8,19.5,2.3,1.3,79.7,86.3,185.4,0.0,0.0,173,1013.7,899.7,
1,2026-01-18T06:50:00.000Z,3.1,3.1,2.8,98,0.0,0,1.8,19.5,2.3,1.3,79.7,86.3,185.4,0.0,0.0,179,1013.8,899.8,
1,2026-01-18T06:55:00.000Z,3.1,3.1,2.8,98,0.0,0,0.0,19.5,2.3,1.3,79.7,86.3,185.4,0.0,0.0,179,1013.8,899.8,
1,2026-01-18T07:00:00.000Z,3.1,3.1,2.8,98,0.0,0,0.0,19.5,2.3,0.0,79.7,86.3,185.4,0.0,0.0,179,1013.8,899.8,
1,2026-01-18T07:05:00.000Z,3.1,3.1,2.8,98,0.0,0,0.0,19.5,2.3,0.0,79.7,86.3,185.4,0.0,0.0,183,1013.8,899.8,
1,2026-01-18T07:10:00.000Z,3.1,3.1,2.8,98,0.0,0,0.0,19.5,2.3,0.0,79.7,86.3,185.4,0.0,0.0,182,1013.8,899.8,
1,2026-01-18T07:15:00.000Z,3.1,3.1,2.8,98,0.0,0,0.0,19.5,2.3,0.0,79.7,86.3,185.4,0.0,0.0,182,1013.9,899.9,
1,2026-01-18T07:20:00.000Z,3.1,3.1,2.8,98,0.0,0,0.0,19.5,2.3,0.0,79.7,86.3,185.4,0.0,0.0,182,1014.0,900.0,
1,2026-01-18T07:25:00.000Z,3.1,3.1,2.8,98,0.0,0,0.0,19.5,2.3,0.0,79.7,86.3,185.4,0.0,0.0,182,1014.0,900.0,
1,2026-01-18T07:30:00.000Z,3.1,3.1,2.8,98,0.0,0,0.0,19.5,2.3,0.0,79.7,86.3,185.4,0.0,0.0,182,1014.1,900.2,
1,2026-01-18T07:35:00.000Z,3.2,3.2,2.9,98,0.0,0,0.0,19.5,2.3,0.0,79.7,86.3,185.4,0.0,0.0,182,1014.1,900.1,
1,2026-01-18T07:40:00.000Z,3.2,3.2,2.9,98,0.0,0,0.0,19.5,2.3,0.0,79.7,86.3,185.4,0.0,0.0,182,1014.3,900.3,
1,2026-01-18T07:45:00.000Z,3.2,3.2,3.0,98,0.0,0,0.0,19.5,2.3,0.0,79.7,86.3,185.4,0.0,0.0,182,1014.3,900.3,
1,2026-01-18T07:50:00.000Z,3.3,3.3,3.0,98,0.0,0,1.2,19.7,2.5,0.2,79.9,86.5,185.6,0.0,0.0,183,1014.3,900.3,
1,2026-01-18T07:55:00.000Z,3.3,3.3,3.0,98,0.0,0,1.2,19.7,2.5,0.2,79.9,86.5,185.6,0.0,0.0,183,1014.3,900.3,
1,2026-01-18T08:00:00.000Z,3.3,3.3,3.0,98,0.1,0,1.2,19.7,2.5,0.0,79.9,86.5,185.6,0.0,0.0,183,1014.4,900.4,
1,2026-01-18T08:05:00.000Z,3.3,3.3,3.0,98,0.3,0,0.0,19.7,2.5,0.0,79.9,86.5,185.6,0.0,0.0,183,1014.3,900.3,
1,2026-01-18T08:10:00.000Z,3.3,3.3,3.0,98,0.5,0,0.0,19.7,2.5,0.0,79.9,86.5,185.6,0.0,0.0,183,1014.4,900.4,
1,2026-01-18T08:15:00.000Z,3.3,3.3,3.0,98,0.7,0,0.0,19.7,2.5,0.0,79.9,86.5,185.6,0.0,0.0,183,1014.4,900.4,
1,2026-01-18T08:20:00.000Z,3.4,3.4,3.1,98,1.4,0,0.0,19.7,2.5,0.0,79.9,86.5,185.6,0.0,0.0,183,1014.6,900.6,
1,2026-01-18T08:25:00.000Z,3.4,3.4,3.1,98,2.0,0,0.0,19.7,2.5,0.0,79.9,86.5,185.6,0.0,0.0,183,1014.6,900.6,
1,2026-01-18T08:30:00.000Z,3.4,3.4,3.1,98,2.2,0,0.0,19.7,2.5,0.0,79.9,86.5,185.6,0.0,0.0,183,1014.6,900.7,
1,2026-01-18T08:35:00.000Z,3.4,3.4,3.2,98,3.1,0,0.0,19.7,2.5,0.0,79.9,86.5,185.6,0.0,0.0,183,1014.8,900.8,
1,2026-01-18T08:40:00.000Z,3.4,3.4,3.2,98,4.0,0,0.0,19.7,2.5,0.0,79.9,86.5,185.6,0.0,0.0,183,1014.9,900.9,
1,2026-01-18T08:45:00.000Z,3.5,3.5,3.2,98,7.0,0,0.0,19.7,2.5,0.0,79.9,86.5,185.6,0.0,0.0,183,1015.0,901.0,
1,2026-01-18T08:50:00.000Z,3.5,3.5,3.3,99,9.4,0,0.0,19.7,2.5,0.0,79.9,86.5,185.6,0.0,0.0,183,1015.0,901.0,
1,2026-01-18T08:55:00.000Z,3.6,3.6,3.3,98,9.3,0,0.0,19.7,2.5,0.0,79.9,86.5,185.6,0.0,0.0,183,1015.0,901.0,
1,2026-01-18T09:00:00.000Z,3.6,3.6,3.4,99,9.8,0,0.0,19.7,2.5,0.0,79.9,86.5,185.6,0.0,0.0,184,1014.9,900.9,
1,2026-01-18T09:05:00.000Z,3.7,3.7,3.4,99,9.9,0,0.0,19.7,2.5,0.0,79.9,86.5,185.6,0.0,0.0,184,1014.9,900.9,
1,2026-01-18T09:10:00.000Z,3.7,3.7,3.5,99,8.7,0,0.0,19.7,2.5,0.0,79.9,86.5,185.6,0.0,0.0,184,1015.0,901.0,
1,2026-01-18T09:15:00.000Z,3.7,3.7,3.5,98,7.8,0,0.0,19.7,2.5,0.0,79.9,86.5,185.6,0.0,0.0,184,1015.1,901.1,
1,2026-01-18T09:20:00.000Z,3.7,3.7,3.4,98,10.9,0,1.8,20.0,2.8,0.3,80.2,86.8,185.9,0.0,0.0,184,1015.1,901.1,
1,2026-01-18T09:25:00.000Z,3.7,3.7,3.5,98,17.5,0,1.8,20.0,2.8,0.3,80.2,86.8,185.9,0.0,0.0,184,1015.2,901.2,
1,2026-01-18T09:40:00.000Z,3.9,3.9,3.7,99,32.0,0,1.8,20.3,0.3,0.3,80.5,87.1,186.2,0.0,0.0,185,1013.3,901.3,
1,2026-01-18T09:45:00.000Z,4.0,4.0,3.7,98,40.8,0,1.8,20.3,0.3,0.3,80.5,87.1,186.2,0.0,0.0,185,1013.2,901.3,
1,2026-01-18T09:50:00.000Z,4.0,4.0,3.8,98,54.4,0,0.0,20.3,0.3,0.3,80.5,87.1,186.2,0.0,0.0,185,1013.3,901.4,
1,2026-01-18T09:55:00.000Z,4.2,4.2,3.9,98,54.5,0,0.0,20.3,0.3,0.3,80.5,87.1,186.2,0.0,0.0,185,1013.3,901.4,
1,2026-01-18T10:00:00.000Z,4.2,4.2,3.9,98,51.5,0,0.0,20.3,0.3,0.0,80.5,87.1,186.2,0.0,0.0,185,1013.4,901.5,
1,2026-01-18T10:05:00.000Z,4.2,4.2,3.9,98,48.5,0,0.0,20.3,0.3,0.0,80.5,87.1,186.2,0.0,0.0,185,1013.5,901.5,
1,2026-01-18T10:10:00.000Z,4.2,4.2,3.9,98,44.8,0,0.0,20.3,0.0,0.0,80.5,87.1,186.2,0.0,0.0,185,1013.2,901.5,
1,2026-01-18T10:15:00.000Z,4.3,4.3,4.0,98,51.7,0,0.0,20.3,0.0,0.0,80.5,87.1,186.2,0.0,0.0,185,1013.1,901.5,
1,2026-01-18T10:20:00.000Z,4.2,4.2,4.0,98,61.1,0,0.0,20.3,0.0,0.0,80.5,87.1,186.2,0.0,0.0,185,1013.1,901.5,
1,2026-01-18T10:25:00.000Z,4.3,4.3,4.0,98,68.6,0,0.0,20.3,0.0,0.0,80.5,87.1,186.2,0.0,0.0,185,1013.1,901.5,
1,2026-01-18T10:30:00.000Z,4.3,4.3,4.0,98,65.3,0,0.0,20.3,0.0,0.0,80.5,87.1,186.2,0.0,0.0,185,1013.2,901.4,
1,2026-01-18T10:35:00.000Z,4.4,4.4,4.1,98,63.2,0,0.0,20.3,0.0,0.0,80.5,87.1,186.2,0.0,0.0,185,1013.3,901.5,
1,2026-01-18T10:40:00.000Z,4.4,4.4,4.1,98,68.3,0,0.0,20.3,0.0,0.0,80.5,87.1,186.2,0.0,0.0,185,1013.3,901.5,
1,2026-01-18T10:45:00.000Z,4.5,4.5,4.2,98,74.5,0,0.0,20.3,0.0,0.0,80.5,87.1,186.2,0.0,0.0,185,1013.4,901.6,
1,2026-01-18T10:50:00.000Z,4.5,4.5,4.2,98,79.7,0,0.0,20.3,0.0,0.0,80.5,87.1,186.2,0.0,0.0,185,1013.4,901.6,
1,2026-01-18T10:55:00.000Z,4.6,4.6,4.3,98,78.8,0,0.0,20.3,0.0,0.0,80.5,87.1,186.2,0.0,0.0,184,1013.6,901.7,
1,2026-01-18T11:00:00.000Z,4.7,4.7,4.4,98,78.8,0,0.0,20.3,0.0,0.0,80.5,87.1,186.2,0.0,0.0,183,1013.5,901.7,
1,2026-01-18T11:05:00.000Z,4.8,4.8,4.5,98,77.6,0,0.0,20.3,0.0,0.0,80.5,87.1,186.2,0.0,0.0,184,1013.6,901.8,
1,2026-01-18T11:10:00.000Z,4.8,4.8,4.5,98,77.4,0,0.0,20.3,0.0,0.0,80.5,87.1,186.2,0.0,0.0,183,1013.7,901.8,
1,2026-01-18T11:15:00.000Z,5.1,5.1,4.8,98,76.8,0,0.0,20.3,0.0,0.0,80.5,87.1,186.2,0.0,0.0,183,1013.6,901.7,
1,2026-01-18T11:20:00.000Z,5.1,5.1,4.8,98,86.5,0,0.0,20.3,0.0,0.0,80.5,87.1,186.2,0.0,0.0,183,1013.7,901.9,
1,2026-01-18T11:25:00.000Z,5.1,5.1,4.8,98,102.1,0,0.0,20.3,0.0,0.0,80.5,87.1,186.2,0.0,0.0,183,1013.7,901.9,
1,2026-01-18T11:30:00.000Z,5.2,5.2,4.8,97,101.2,0,0.0,20.3,0.0,0.0,80.5,87.1,186.2,0.05555555555555556,0.5,189,1013.7,901.9,
1,2026-01-18T11:35:00.000Z,5.4,5.4,4.9,97,98.8,0,0.0,20.3,0.0,0.0,80.5,87.1,186.2,0.0,0.0,185,1013.6,901.8,
1,2026-01-18T11:40:00.000Z,5.5,5.5,4.9,96,96.8,0,0.0,20.3,0.0,0.0,80.5,87.1,186.2,0.0,0.0,184,1013.6,901.8,
1,2026-01-18T11:45:00.000Z,5.5,5.5,4.9,96,102.5,0,0.0,20.3,0.0,0.0,80.5,87.1,186.2,0.0,0.0,179,1013.6,901.8,
1,2026-01-18T11:50:00.000Z,5.6,5.6,4.9,95,110.7,1,0.0,20.3,0.0,0.0,80.5,87.1,186.2,0.0,0.0,181,1013.6,901.8,
1,2026-01-18T11:55:00.000Z,5.6,5.6,4.7,94,110.9,1,0.0,20.3,0.0,0.0,80.5,87.1,186.2,0.1388888888888889,0.5,192,1013.7,901.8,
1,2026-01-18T12:00:00.000Z,5.6,5.6,4.8,94,84.7,0,0.0,20.3,0.0,0.0,80.5,87.1,186.2,0.02777777777777778,0.5,190,1013.6,901.8,
1,2026-01-18T12:05:00.000Z,5.6,5.6,4.8,95,64.3,0,0.0,20.3,0.0,0.0,80.5,87.1,186.2,0.02777777777777778,0.5,191,1013.7,901.8,
1,2026-01-18T12:10:00.000Z,5.5,5.5,4.7,95,66.4,0,1.8,20.6,0.3,0.3,80.8,87.4,186.5,0.0,0.0,179,1013.6,901.7,
1,2026-01-18T12:15:00.000Z,5.4,5.4,4.5,94,57.6,0,1.8,20.6,0.3,0.3,80.8,87.4,186.5,0.0,0.0,178,1013.5,901.7,
1,2026-01-18T12:20:00.000Z,5.4,5.4,4.5,94,61.9,0,1.8,20.6,0.3,0.3,80.8,87.4,186.5,0.0,0.0,178,1013.5,901.7,
1,2026-01-18T12:25:00.000Z,5.5,5.5,4.8,95,83.8,0,0.0,20.6,0.3,0.3,80.8,87.4,186.5,0.0,0.0,178,1013.4,901.6,
1,2026-01-18T12:30:00.000Z,5.8,5.8,5.1,96,93.4,0,1.2,20.8,0.5,0.5,81.0,87.6,186.7,0.0,0.0,178,1013.4,901.6,
1,2026-01-18T12:35:00.000Z,5.9,5.9,5.2,95,96.8,0,1.2,20.8,0.5,0.5,81.0,87.6,186.7,0.0,0.0,181,1013.5,901.6,
1,2026-01-18T12:40:00.000Z,6.1,6.1,5.4,95,114.5,1,1.2,20.8,0.5,0.5,81.0,87.6,186.7,0.0,0.0,180,1013.4,901.6,
1,2026-01-18T12:45:00.000Z,6.2,6.2,5.5,95,107.3,1,0.0,20.8,0.5,0.5,81.0,87.6,186.7,0.0,0.0,177,1013.3,901.5,
1,2026-01-18T12:50:00.000Z,6.3,6.3,5.5,95,104.9,1,0.0,20.8,0.5,0.5,81.0,87.6,186.7,0.02777777777777778,0.5,171,1013.3,901.5,
1,2026-01-18T12:55:00.000Z,6.2,6.2,5.3,94,98.6,0,0.0,20.8,0.5,0.5,81.0,87.6,186.7,0.11111111111111112,1.0,145,1013.1,901.3,
1,2026-01-18T13:00:00.000Z,6.1,6.1,5.2,94,93.0,0,0.0,20.8,0.5,0.0,81.0,87.6,186.7,0.02777777777777778,0.5,179,1013.1,901.3,
1,2026-01-18T13:05:00.000Z,6.0,6.0,5.2,94,132.4,1,0.0,20.8,0.5,0.0,81.0,87.6,186.7,0.11111111111111112,0.5,184,1013.0,901.2,
1,2026-01-18T13:10:00.000Z,6.1,6.1,5.2,94,181.2,1,0.0,20.8,0.5,0.0,81.0,87.6,186.7,0.11111111111111112,0.5,191,1013.0,901.1,
1,2026-01-18T13:15:00.000Z,6.2,6.2,5.3,94,163.2,1,0.0,20.8,0.5,0.0,81.0,87.6,186.7,0.11111111111111112,1.0,143,1012.9,901.1,
1,2026-01-18T13:20:00.000Z,6.2,6.2,5.3,94,142.6,1,0.0,20.8,0.5,0.0,81.0,87.6,186.7,0.16666666666666666,0.5,190,1012.9,901.1,
1,2026-01-18T13:25:00.000Z,6.2,6.2,5.2,93,108.9,1,0.0,20.8,0.5,0.0,81.0,87.6,186.7,0.0,0.0,181,1012.8,901.0,
1,2026-01-18T13:30:00.000Z,6.2,6.2,5.2,93,74.2,0,0.0,20.8,0.5,0.0,81.0,87.6,186.7,0.0,0.0,180,1012.8,901.0,
1,2026-01-18T13:35:00.000Z,6.2,6.2,5.2,93,60.5,0,0.0,20.8,0.5,0.0,81.0,87.6,186.7,0.0,0.0,174,1012.7,900.9,
1,2026-01-18T13:40:00.000Z,6.3,6.3,5.2,93,49.5,0,0.0,20.8,0.5,0.0,81.0,87.6,186.7,0.0,0.0,180,1012.8,901.0,
1,2026-01-18T13:45:00.000Z,6.3,6.3,5.4,94,69.0,0,0.0,20.8,0.5,0.0,81.0,87.6,186.7,0.0,0.0,180,1012.7,900.9,
1,2026-01-18T13:50:00.000Z,6.3,6.3,5.5,95,89.0,0,0.0,20.8,0.5,0.0,81.0,87.6,186.7,0.0,0.0,180,1012.7,900.9,
1,2026-01-18T13:55:00.000Z,6.4,6.4,5.7,95,96.7,0,0.0,20.8,0.5,0.0,81.0,87.6,186.7,0.0,0.0,180,1012.5,900.7,
1,2026-01-18T14:00:00.000Z,6.5,6.5,5.5,94,109.6,1,0.0,20.8,0.0,0.0,81.0,87.6,186.7,0.0,0.0,179,1012.5,900.7,
1,2026-01-18T14:05:00.000Z,6.7,6.7,5.8,94,112.8,1,0.0,20.8,0.0,0.0,81.0,87.6,186.7,0.0,0.0,179,1012.5,900.7,
1,2026-01-18T14:10:00.000Z,6.9,6.9,5.8,93,108.8,1,0.0,20.8,0.0,0.0,81.0,87.6,186.7,0.05555555555555556,0.5,188,1012.5,900.7,
1,2026-01-18T14:15:00.000Z,6.8,6.8,5.5,92,105.4,1,0.0,20.8,0.0,0.0,81.0,87.6,186.7,0.0,0.0,178,1012.4,900.7,
1,2026-01-18T14:20:00.000Z,6.8,6.8,5.2,90,111.5,1,0.0,20.8,0.0,0.0,81.0,87.6,186.7,0.0,0.0,181,1012.4,900.6,
1,2026-01-18T14:25:00.000Z,7.0,7.0,5.6,91,143.7,1,0.0,20.8,0.0,0.0,81.0,87.6,186.7,0.0,0.0,180,1012.5,900.7,
1,2026-01-18T14:30:00.000Z,7.2,7.2,5.8,91,153.7,1,0.0,20.8,0.0,0.0,81.0,87.6,186.7,0.0,0.0,174,1012.3,900.5,
1,2026-01-18T14:35:00.000Z,7.3,7.3,5.2,87,142.3,1,0.0,20.8,0.0,0.0,81.0,87.6,186.7,0.02777777777777778,0.5,172,1012.4,900.6,
1,2026-01-18T14:40:00.000Z,7.3,7.3,5.4,88,125.5,1,0.0,20.8,0.0,0.0,81.0,87.6,186.7,0.05555555555555556,0.5,179,1012.3,900.5,
1,2026-01-18T14:45:00.000Z,7.2,7.2,5.5,89,95.1,0,0.0,20.8,0.0,0.0,81.0,87.6,186.7,0.02777777777777778,0.5,170,1012.2,900.4,
1,2026-01-18T14:50:00.000Z,7.1,7.1,5.5,89,80.4,0,0.0,20.8,0.0,0.0,81.0,87.6,186.7,0.08333333333333333,0.5,203,1012.4,900.6,
1,2026-01-18T14:55:00.000Z,7.0,7.0,5.4,89,72.4,0,0.0,20.8,0.0,0.0,81.0,87.6,186.7,0.02777777777777778,0.5,169,1012.3,900.5,
1,2026-01-18T15:00:00.000Z,7.1,7.1,5.7,91,61.0,0,0.0,20.8,0.0,0.0,81.0,87.6,186.7,0.0,0.0,174,1012.3,900.5,
1,2026-01-18T15:05:00.000Z,7.0,7.0,5.7,91,56.8,0,0.0,20.8,0.0,0.0,81.0,87.6,186.7,0.0,0.0,182,1012.4,900.6,
1,2026-01-18T15:10:00.000Z,7.0,7.0,5.8,92,54.6,0,0.0,20.8,0.0,0.0,81.0,87.6,186.7,0.11111111111111112,0.5,190,1012.4,900.7,
1,2026-01-18T15:15:00.000Z,6.9,6.9,5.6,92,43.5,0,0.0,20.8,0.0,0.0,81.0,87.6,186.7,0.0,0.0,179,1012.4,900.7,
1,2026-01-18T15:20:00.000Z,6.8,6.8,5.6,93,34.4,0,0.0,20.8,0.0,0.0,81.0,87.6,186.7,0.0,0.0,179,1012.5,900.7,
1,2026-01-18T15:25:00.000Z,6.8,6.8,5.7,93,31.0,0,0.0,20.8,0.0,0.0,81.0,87.6,186.7,0.02777777777777778,0.5,178,1012.6,900.8,
1,2026-01-18T15:30:00.000Z,6.8,6.8,5.7,93,28.4,0,0.0,20.8,0.0,0.0,81.0,87.6,186.7,0.0,0.0,183,1012.6,900.8,
1,2026-01-18T15:35:00.000Z,6.6,6.6,5.4,92,28.9,0,0.0,20.8,0.0,0.0,81.0,87.6,186.7,0.0,0.0,184,1012.6,900.8,
1,2026-01-18T15:40:00.000Z,6.6,6.6,5.6,93,26.2,0,0.0,20.8,0.0,0.0,81.0,87.6,186.7,0.0,0.0,182,1012.6,900.8,
1,2026-01-18T15:45:00.000Z,6.7,6.7,5.8,94,26.7,0,0.0,20.8,0.0,0.0,81.0,87.6,186.7,0.0,0.0,183,1012.7,900.9,
1,2026-01-18T15:50:00.000Z,6.6,6.6,5.8,94,27.7,0,0.0,20.8,0.0,0.0,81.0,87.6,186.7,0.02777777777777778,0.5,182,1012.8,901.0,
1,2026-01-18T15:55:00.000Z,6.5,6.5,5.8,95,31.6,0,0.0,20.8,0.0,0.0,81.0,87.6,186.7,0.02777777777777778,0.5,185,1012.7,900.9,
1,2026-01-18T16:00:00.000Z,6.4,6.4,5.5,94,33.2,0,1.8,21.1,0.3,0.3,81.3,87.9,187.0,0.02777777777777778,0.5,131,1012.7,900.9,
1,2026-01-18T16:05:00.000Z,6.3,6.3,5.4,94,31.4,0,1.8,21.1,0.3,0.3,81.3,87.9,187.0,0.0,0.0,179,1012.8,901.0,
1,2026-01-18T16:10:00.000Z,6.2,6.2,5.5,95,34.0,0,1.8,21.1,0.3,0.3,81.3,87.9,187.0,0.0,0.0,172,1012.7,900.9,
1,2026-01-18T16:15:00.000Z,6.1,6.1,5.3,94,33.8,0,0.0,21.1,0.3,0.3,81.3,87.9,187.0,0.08333333333333333,0.5,175,1012.7,900.9,
1,2026-01-18T16:20:00.000Z,6.0,6.0,5.3,95,25.7,0,0.0,21.1,0.3,0.3,81.3,87.9,187.0,0.0,0.0,173,1012.7,900.9,
1,2026-01-18T16:25:00.000Z,6.0,6.0,5.3,95,31.2,0,0.0,21.1,0.3,0.3,81.3,87.9,187.0,0.0,0.0,173,1012.7,900.9,
1,2026-01-18T16:30:00.000Z,6.0,6.0,5.4,96,30.9,0,0.0,21.1,0.3,0.3,81.3,87.9,187.0,0.0,0.0,172,1012.6,900.9,
1,2026-01-18T16:35:00.000Z,6.0,6.0,5.4,96,24.8,0,0.0,21.1,0.3,0.3,81.3,87.9,187.0,0.0,0.0,173,1012.7,900.9,
1,2026-01-18T16:40:00.000Z,6.1,6.1,5.5,96,27.8,0,0.0,21.1,0.3,0.3,81.3,87.9,187.0,0.0,0.0,173,1012.9,901.1,
1,2026-01-18T16:45:00.000Z,6.1,6.1,5.5,96,27.6,0,0.0,21.1,0.3,0.3,81.3,87.9,187.0,0.0,0.0,173,1012.7,900.9,
1,2026-01-18T16:50:00.000Z,6.1,6.1,5.5,96,20.1,0,0.0,21.1,0.3,0.3,81.3,87.9,187.0,0.0,0.0,173,1012.8,901.0,
1,2026-01-18T16:55:00.000Z,6.1,6.1,5.4,95,13.6,0,0.0,21.1,0.3,0.3,81.3,87.9,187.0,0.0,0.0,173,1012.8,901.0,
1,2026-01-18T17:00:00.000Z,6.1,6.1,5.5,96,10.9,0,0.0,21.1,0.3,0.0,81.3,87.9,187.0,0.0,0.0,173,1012.9,901.1,
1,2026-01-18T17:05:00.000Z,6.1,6.1,5.5,96,9.3,0,0.0,21.1,0.3,0.0,81.3,87.9,187.0,0.0,0.0,175,1013.0,901.2,
1,2026-01-18T17:10:00.000Z,6.0,6.0,5.4,96,7.4,0,0.0,21.1,0.3,0.0,81.3,87.9,187.0,0.02777777777777778,0.5,183,1013.0,901.1,
1,2026-01-18T17:15:00.000Z,5.8,5.8,5.2,96,5.7,0,0.0,21.1,0.3,0.0,81.3,87.9,187.0,0.0,0.0,185,1013.1,901.3,
1,2026-01-18T17:20:00.000Z,5.8,5.8,5.2,96,3.8,0,0.0,21.1,0.3,0.0,81.3,87.9,187.0,0.0,0.0,181,1013.1,901.3,
1,2026-01-18T17:25:00.000Z,5.8,5.8,5.2,96,3.7,0,0.0,21.1,0.3,0.0,81.3,87.9,187.0,0.0,0.0,174,1013.2,901.4,
1,2026-01-18T17:30:00.000Z,5.8,5.8,5.2,96,2.6,0,0.0,21.1,0.3,0.0,81.3,87.9,187.0,0.0,0.0,171,1013.3,901.4,
1,2026-01-18T17:35:00.000Z,5.8,5.8,5.3,97,2.0,0,0.0,21.1,0.3,0.0,81.3,87.9,187.0,0.0,0.0,171,1013.4,901.6,
1,2026-01-18T17:40:00.000Z,5.7,5.7,5.3,97,1.7,0,0.0,21.1,0.3,0.0,81.3,87.9,187.0,0.0,0.0,171,1013.4,901.6,
1,2026-01-18T17:45:00.000Z,5.7,5.7,5.3,97,1.1,0,0.0,21.1,0.3,0.0,81.3,87.9,187.0,0.0,0.0,171,1013.4,901.6,
1,2026-01-18T17:50:00.000Z,5.6,5.6,5.2,97,0.7,0,0.0,21.1,0.3,0.0,81.3,87.9,187.0,0.0,0.0,171,1013.5,901.6,
1,2026-01-18T17:55:00.000Z,5.6,5.6,5.1,97,0.4,0,0.0,21.1,0.3,0.0,81.3,87.9,187.0,0.0,0.0,171,1013.5,901.7,
1,2026-01-18T18:00:00.000Z,5.5,5.5,5.1,97,0.2,0,1.2,21.3,0.2,0.2,81.5,88.1,187.2,0.0,0.0,172,1013.6,901.8,
1,2026-01-18T18:05:00.000Z,5.5,5.5,5.1,97,0.1,0,1.2,21.3,0.2,0.2,81.5,88.1,187.2,0.0,0.0,172,1013.6,901.8,
1,2026-01-18T18:10:00.000Z,5.4,5.4,4.9,97,0.0,0,1.2,21.3,0.2,0.2,81.5,88.1,187.2,0.0,0.0,173,1013.6,901.8,
1,2026-01-18T18:15:00.000Z,5.4,5.4,4.9,97,0.0,0,0.0,21.3,0.2,0.2,81.5,88.1,187.2,0.0,0.0,173,1013.7,901.9,
1,2026-01-18T18:20:00.000Z,5.3,5.3,4.9,97,0.0,0,0.0,21.3,0.2,0.2,81.5,88.1,187.2,0.0,0.0,173,1013.7,901.9,
1,2026-01-18T18:25:00.000Z,5.3,5.3,4.8,97,0.0,0,0.0,21.3,0.2,0.2,81.5,88.1,187.2,0.0,0.0,174,1013.7,901.9,
1,2026-01-18T18:30:00.000Z,5.3,5.3,4.8,97,0.0,0,0.0,21.3,0.2,0.2,81.5,88.1,187.2,0.0,0.0,174,1013.7,901.9,
1,2026-01-18T18:35:00.000Z,5.3,5.3,4.8,97,0.0,0,1.8,21.6,0.5,0.5,81.8,88.4,187.5,0.0,0.0,174,1013.8,902.0,
1,2026-01-18T18:40:00.000Z,5.2,5.2,4.9,98,0.0,0,1.8,21.6,0.5,0.5,81.8,88.4,187.5,0.0,0.0,174,1013.8,902.0,
1,2026-01-18T18:45:00.000Z,5.2,5.2,4.9,98,0.0,0,1.8,21.6,0.5,0.5,81.8,88.4,187.5,0.0,0.0,175,1013.9,902.1,
1,2026-01-18T18:50:00.000Z,5.2,5.2,4.9,98,0.0,0,0.0,21.6,0.5,0.5,81.8,88.4,187.5,0.0,0.0,176,1013.8,902.0,
1,2026-01-18T18:55:00.000Z,5.1,5.1,4.8,98,0.0,0,0.0,21.6,0.5,0.5,81.8,88.4,187.5,0.0,0.0,176,1013.9,902.1,
1,2026-01-18T19:00:00.000Z,5.1,5.1,4.8,98,0.0,0,0.0,21.6,0.5,0.0,81.8,88.4,187.5,0.0,0.0,177,1013.8,902.0,
1,2026-01-18T19:05:00.000Z,5.1,5.1,4.8,98,0.0,0,1.2,21.8,0.7,0.2,82.0,88.6,187.7,0.0,0.0,177,1013.9,902.1,
1,2026-01-18T19:10:00.000Z,5.0,5.0,4.7,98,0.0,0,1.2,21.8,0.7,0.2,82.0,88.6,187.7,0.0,0.0,178,1013.9,902.1,
1,2026-01-18T19:15:00.000Z,5.0,5.0,4.7,98,0.0,0,1.2,21.8,0.7,0.2,82.0,88.6,187.7,0.0,0.0,178,1013.9,902.1,
1,2026-01-18T19:20:00.000Z,4.9,4.9,4.6,98,0.0,0,0.0,21.8,0.7,0.2,82.0,88.6,187.7,0.0,0.0,179,1014.0,902.2,
1,2026-01-18T19:25:00.000Z,4.8,4.8,4.6,98,0.0,0,0.0,21.8,0.7,0.2,82.0,88.6,187.7,0.0,0.0,179,1013.9,902.2,
1,2026-01-18T19:30:00.000Z,4.8,4.8,4.5,98,0.0,0,0.0,21.8,0.7,0.2,82.0,88.6,187.7,0.0,0.0,179,1013.9,902.1,
1,2026-01-18T19:35:00.000Z,4.8,4.8,4.5,98,0.0,0,0.0,21.8,0.7,0.2,82.0,88.6,187.7,0.0,0.0,179,1013.9,902.1,
1,2026-01-18T19:40:00.000Z,4.7,4.7,4.4,98,0.0,0,0.0,21.8,0.7,0.2,82.0,88.6,187.7,0.0,0.0,178,1013.9,902.1,
1,2026-01-18T19:45:00.000Z,4.7,4.7,4.4,98,0.0,0,0.0,21.8,0.7,0.2,82.0,88.6,187.7,0.0,0.0,178,1013.9,902.2,
1,2026-01-18T19:50:00.000Z,4.6,4.6,4.3,98,0.0,0,0.0,21.8,0.7,0.2,82.0,88.6,187.7,0.0,0.0,178,1014.1,902.3,
1,2026-01-18T19:55:00.000Z,4.6,4.6,4.3,98,0.0,0,0.0,21.8,0.7,0.2,82.0,88.6,187.7,0.0,0.0,178,1014.0,902.2,
1,2026-01-18T20:00:00.000Z,4.5,4.5,4.2,98,0.0,0,0.0,0.0,0.7,0.0,0.0,88.6,187.7,0.0,0.0,178,1014.0,902.2,
1,2026-01-18T20:05:00.000Z,4.6,4.6,4.3,98,0.0,0,0.0,0.0,0.7,0.0,0.0,88.6,187.7,0.0,0.0,178,1014.0,902.2,
1,2026-01-18T20:10:00.000Z,4.5,4.5,4.2,98,0.0,0,0.0,0.0,0.7,0.0,0.0,88.6,187.7,0.0,0.0,178,1014.1,902.3,
1,2026-01-18T20:15:00.000Z,4.5,4.5,4.2,98,0.0,0,0.0,0.0,0.7,0.0,0.0,88.6,187.7,0.0,0.0,178,1014.2,902.4,
1,2026-01-18T20:20:00.000Z,4.4,4.4,4.1,98,0.0,0,0.0,0.0,0.7,0.0,0.0,88.6,187.7,0.0,0.0,178,1014.3,902.5,
1,2026-01-18T20:25:00.000Z,4.4,4.4,4.2,98,0.0,0,0.0,0.0,0.7,0.0,0.0,88.6,187.7,0.0,0.0,178,1014.2,902.5,
1,2026-01-18T20:30:00.000Z,4.5,4.5,4.2,98,0.0,0,0.0,0.0,0.7,0.0,0.0,88.6,187.7,0.0,0.0,179,1014.3,902.5,
1,2026-01-18T20:35:00.000Z,4.4,4.4,4.1,98,0.0,0,0.0,0.0,0.7,0.0,0.0,88.6,187.7,0.02777777777777778,0.5,178,1014.3,902.5,
1,2026-01-18T20:40:00.000Z,4.4,4.4,4.1,98,0.0,0,0.0,0.0,0.7,0.0,0.0,88.6,187.7,0.0,0.0,179,1014.3,902.5,
1,2026-01-18T20:45:00.000Z,4.4,4.4,4.1,98,0.0,0,0.0,0.0,0.7,0.0,0.0,88.6,187.7,0.0,0.0,179,1014.3,902.5,
1,2026-01-18T20:50:00.000Z,4.3,4.3,4.0,98,0.0,0,0.0,0.0,0.7,0.0,0.0,88.6,187.7,0.0,0.0,179,1014.4,902.6,
1,2026-01-18T20:55:00.000Z,4.3,4.3,4.0,98,0.0,0,0.0,0.0,0.7,0.0,0.0,88.6,187.7,0.0,0.0,179,1014.3,902.5,
1,2026-01-18T21:00:00.000Z,4.3,4.3,4.1,98,0.0,0,0.0,0.0,0.7,0.0,0.0,88.6,187.7,0.0,0.0,179,1014.4,902.6,
1,2026-01-18T21:05:00.000Z,4.3,4.3,4.0,98,0.0,0,0.0,0.0,0.7,0.0,0.0,88.6,187.7,0.0,0.0,179,1014.4,902.6,
1,2026-01-18T21:10:00.000Z,4.3,4.3,4.0,98,0.0,0,0.0,0.0,0.7,0.0,0.0,88.6,187.7,0.0,0.0,179,1014.5,902.7,
1,2026-01-18T21:15:00.000Z,4.3,4.3,4.0,98,0.0,0,0.0,0.0,0.7,0.0,0.0,88.6,187.7,0.0,0.0,179,1014.5,902.7,
1,2026-01-18T21:20:00.000Z,4.2,4.2,4.0,98,0.0,0,0.0,0.0,0.7,0.0,0.0,88.6,187.7,0.0,0.0,179,1014.5,902.7,
1,2026-01-18T21:25:00.000Z,4.3,4.3,4.0,98,0.0,0,0.0,0.0,0.7,0.0,0.0,88.6,187.7,0.0,0.0,179,1014.5,902.7,
1,2026-01-18T21:30:00.000Z,4.3,4.3,4.0,98,0.0,0,0.0,0.0,0.7,0.0,0.0,88.6,187.7,0.0,0.0,179,1014.4,902.7,
1,2026-01-18T21:35:00.000Z,4.3,4.3,4.0,98,0.0,0,0.0,0.0,0.7,0.0,0.0,88.6,187.7,0.0,0.0,179,1014.5,902.7,
1,2026-01-18T21:40:00.000Z,4.3,4.3,4.0,98,0.0,0,0.0,0.0,0.7,0.0,0.0,88.6,187.7,0.0,0.0,179,1014.6,902.8,
1,2026-01-18T21:45:00.000Z,4.3,4.3,4.0,98,0.0,0,0.0,0.0,0.7,0.0,0.0,88.6,187.7,0.0,0.0,179,1014.6,902.8,
1,2026-01-18T21:50:00.000Z,4.3,4.3,4.0,98,0.0,0,0.0,0.0,0.7,0.0,0.0,88.6,187.7,0.0,0.0,179,1014.6,902.8,
1,2026-01-18T21:55:00.000Z,4.3,4.3,4.0,98,0.0,0,0.0,0.0,0.7,0.0,0.0,88.6,187.7,0.0,0.0,179,1014.7,902.9,
1,2026-01-18T22:00:00.000Z,4.3,4.3,4.1,98,0.0,0,0.0,0.0,0.7,0.0,0.0,88.6,187.7,0.0,0.0,181,1014.8,903.0,
1,2026-01-18T22:05:00.000Z,4.4,4.4,4.1,98,0.0,0,0.0,0.0,0.7,0.0,0.0,88.6,187.7,0.05555555555555556,0.5,179,1014.8,903.0,
1,2026-01-18T22:10:00.000Z,4.4,4.4,4.1,98,0.0,0,0.0,0.0,0.7,0.0,0.0,88.6,187.7,0.0,0.0,178,1014.9,903.1,
1,2026-01-18T22:15:00.000Z,4.4,4.4,4.1,98,0.0,0,0.0,0.0,0.7,0.0,0.0,88.6,187.7,0.0,0.0,178,1015.0,903.2,
1,2026-01-18T22:20:00.000Z,4.4,4.4,4.1,98,0.0,0,0.0,0.0,0.7,0.0,0.0,88.6,187.7,0.0,0.0,178,1015.0,903.1,
1,2026-01-18T22:25:00.000Z,4.4,4.4,4.1,98,0.0,0,0.0,0.0,0.7,0.0,0.0,88.6,187.7,0.0,0.0,178,1015.1,903.2,
1,2026-01-18T22:30:00.000Z,4.5,4.5,4.2,98,0.0,0,0.0,0.0,0.7,0.0,0.0,88.6,187.7,0.0,0.0,178,1015.0,903.2,
1,2026-01-18T22:35:00.000Z,4.5,4.5,4.2,98,0.0,0,0.0,0.0,0.7,0.0,0.0,88.6,187.7,0.0,0.0,178,1015.0,903.2,
1,2026-01-18T22:40:00.000Z,4.4,4.4,4.1,98,0.0,0,0.0,0.0,0.7,0.0,0.0,88.6,187.7,0.0,0.0,178,1015.0,903.2,
1,2026-01-18T22:45:00.000Z,4.4,4.4,4.1,98,0.0,0,0.0,0.0,0.7,0.0,0.0,88.6,187.7,0.0,0.0,178,1015.0,903.2,
1,2026-01-18T22:50:00.000Z,4.4,4.4,4.1,98,0.0,0,0.0,0.0,0.7,0.0,0.0,88.6,187.7,0.0,0.0,178,1015.0,903.2,
1,2026-01-18T22:55:00.000Z,4.4,4.4,4.1,98,0.0,0,0.0,0.0,0.7,0.0,0.0,88.6,187.7,0.0,0.0,178,1015.2,903.3,
1,2026-01-18T23:00:00.000Z,4.5,4.5,4.2,98,0.0,0,0.0,0.0,0.7,0.0,0.0,88.6,187.7,0.0,0.0,178,1015.1,903.3,
1,2026-01-18T23:05:00.000Z,4.4,4.4,4.1,98,0.0,0,0.0,0.0,0.7,0.0,0.0,88.6,187.7,0.0,0.0,178,1015.1,903.2,
1,2026-01-18T23:10:00.000Z,4.4,4.4,4.1,98,0.0,0,0.0,0.0,0.7,0.0,0.0,88.6,187.7,0.0,0.0,178,1015.2,903.4,
1,2026-01-18T23:15:00.000Z,4.4,4.4,4.1,98,0.0,0,0.0,0.0,0.7,0.0,0.0,88.6,187.7,0.0,0.0,178,1015.2,903.4,
1,2026-01-18T23:20:00.000Z,4.3,4.3,4.0,98,0.0,0,0.0,0.0,0.7,0.0,0.0,88.6,187.7,0.0,0.0,178,1015.1,903.3,
1,2026-01-18T23:25:00.000Z,4.2,4.2,4.0,98,0.0,0,0.0,0.0,0.7,0.0,0.0,88.6,187.7,0.0,0.0,169,1015.1,903.3,
1,2026-01-18T23:30:00.000Z,4.3,4.3,4.0,98,0.0,0,0.0,0.0,0.7,0.0,0.0,88.6,187.7,0.0,0.0,167,1015.2,903.3,
1,2026-01-18T23:35:00.000Z,4.2,4.2,3.9,98,0.0,0,0.0,0.0,0.7,0.0,0.0,88.6,187.7,0.0,0.0,169,1015.1,903.3,
1,2026-01-18T23:40:00.000Z,4.1,4.1,3.8,98,0.0,0,0.0,0.0,0.7,0.0,0.0,88.6,187.7,0.0,0.0,169,1015.2,903.4,
1,2026-01-18T23:45:00.000Z,4.1,4.1,3.8,98,0.0,0,0.0,0.0,0.7,0.0,0.0,88.6,187.7,0.02777777777777778,0.5,169,1015.2,903.4,
1,2026-01-18T23:50:00.000Z,4.2,4.2,3.9,98,0.0,0,0.0,0.0,0.7,0.0,0.0,88.6,187.7,0.0,0.0,169,1015.4,903.5,
1,2026-01-18T23:55:00.000Z,4.2,4.2,3.9,98,0.0,0,0.0,0.0,0.7,0.0,0.0,88.6,187.7,0.0,0.0,169,1015.3,903.5,
1,2026-01-19T00:00:00.000Z,4.2,4.2,3.9,98,0.0,0,0.0,0.0,0.7,0.0,0.0,88.6,187.7,0.0,0.0,169,1015.4,903.6,
1,2026-01-19T00:05:00.000Z,4.2,4.2,3.9,98,0.0,0,0.0,0.0,0.7,0.0,0.0,88.6,187.7,0.0,0.0,169,1015.3,903.5,
1,2026-01-19T00:10:00.000Z,4.2,4.2,3.9,98,0.0,0,0.0,0.0,0.7,0.0,0.0,88.6,187.7,0.0,0.0,169,1015.2,903.4,
1,2026-01-19T00:15:00.000Z,4.2,4.2,3.9,98,0.0,0,0.0,0.0,0.7,0.0,0.0,88.6,187.7,0.0,0.0,169,1015.2,903.4,
1,2026-01-19T00:20:00.000Z,4.2,4.2,3.9,98,0.0,0,0.0,0.0,0.7,0.0,0.0,88.6,187.7,0.0,0.0,169,1015.2,903.4,
1,2026-01-19T00:25:00.000Z,4.2,4.2,3.9,98,0.0,0,0.0,0.0,0.7,0.0,0.0,88.6,187.7,0.0,0.0,170,1015.2,903.4,
1,2026-01-19T00:30:00.000Z,4.2,4.2,3.9,98,0.0,0,0.0,0.0,0.7,0.0,0.0,88.6,187.7,0.0,0.0,170,1015.3,903.4,
1,2026-01-19T00:35:00.000Z,4.1,4.1,3.8,98,0.0,0,0.0,0.0,0.7,0.0,0.0,88.6,187.7,0.0,0.0,170,1015.2,903.4,
1,2026-01-19T00:40:00.000Z,3.9,3.9,3.7,98,0.0,0,0.0,0.0,0.7,0.0,0.0,88.6,187.7,0.0,0.0,170,1015.1,903.3,
1,2026-01-19T00:45:00.000Z,3.8,3.8,3.5,98,0.0,0,0.0,0.0,0.7,0.0,0.0,88.6,187.7,0.0,0.0,170,1015.1,903.3,
1,2026-01-19T00:50:00.000Z,3.8,3.8,3.5,98,0.0,0,0.0,0.0,0.7,0.0,0.0,88.6,187.7,0.0,0.0,170,1015.0,903.2,
1,2026-01-19T00:55:00.000Z,3.8,3.8,3.5,98,0.0,0,0.0,0.0,0.7,0.0,0.0,88.6,187.7,0.0,0.0,169,1014.9,903.1,
1,2026-01-19T01:00:00.000Z,3.7,3.7,3.4,98,0.0,0,0.0,0.0,0.7,0.0,0.0,88.6,187.7,0.0,0.0,169,1014.8,903.0,
1,2026-01-19T01:05:00.000Z,3.6,3.6,3.3,98,0.0,0,0.0,0.0,0.7,0.0,0.0,88.6,187.7,0.0,0.0,169,1014.8,903.0,
1,2026-01-19T01:10:00.000Z,3.4,3.4,3.1,98,0.0,0,0.0,0.0,0.7,0.0,0.0,88.6,187.7,0.0,0.0,169,1014.8,903.0,
1,2026-01-19T01:15:00.000Z,3.3,3.3,3.0,98,0.0,0,0.0,0.0,0.7,0.0,0.0,88.6,187.7,0.0,0.0,169,1014.8,903.1,
1,2026-01-19T01:20:00.000Z,3.1,3.1,2.8,98,0.0,0,0.0,0.0,0.7,0.0,0.0,88.6,187.7,0.02777777777777778,0.5,169,1014.8,903.0,
1,2026-01-19T01:25:00.000Z,2.9,2.9,2.6,98,0.0,0,0.0,0.0,0.7,0.0,0.0,88.6,187.7,0.0,0.0,169,1014.8,903.0,
1,2026-01-19T01:30:00.000Z,2.8,2.8,2.5,98,0.0,0,0.0,0.0,0.7,0.0,0.0,88.6,187.7,0.0,0.0,169,1014.8,903.0,
1,2026-01-19T01:35:00.000Z,2.7,2.7,2.4,98,0.0,0,0.0,0.0,0.7,0.0,0.0,88.6,187.7,0.02777777777777778,0.5,169,1014.9,903.1,
1,2026-01-19T01:40:00.000Z,2.6,2.6,2.4,99,0.0,0,0.0,0.0,0.7,0.0,0.0,88.6,187.7,0.02777777777777778,0.5,169,1014.8,903.0,
1,2026-01-19T01:45:00.000Z,2.8,2.8,2.6,99,0.0,0,0.0,0.0,0.7,0.0,0.0,88.6,187.7,0.11111111111111112,0.5,168,1014.8,903.0,
1,2026-01-19T01:50:00.000Z,3.0,3.0,2.8,99,0.0,0,0.0,0.0,0.7,0.0,0.0,88.6,187.7,0.16666666666666666,0.5,167,1014.8,903.0,
1,2026-01-19T01:55:00.000Z,2.9,2.9,2.7,99,0.0,0,0.0,0.0,0.7,0.0,0.0,88.6,187.7,0.16666666666666666,0.5,167,1014.8,903.0,
1,2026-01-19T02:00:00.000Z,3.0,3.0,2.8,99,0.0,0,0.0,0.0,0.7,0.0,0.0,88.6,187.7,0.0,0.0,167,1014.8,903.0,
1,2026-01-19T02:05:00.000Z,2.8,2.8,2.6,98,0.0,0,0.0,0.0,0.7,0.0,0.0,88.6,187.7,0.0,0.0,167,1014.8,903.1,
1,2026-01-19T02:10:00.000Z,2.8,2.8,2.5,98,0.0,0,0.0,0.0,0.7,0.0,0.0,88.6,187.7,0.0,0.0,167,1014.8,903.0,
1,2026-01-19T02:15:00.000Z,2.9,2.9,2.7,99,0.0,0,0.0,0.0,0.7,0.0,0.0,88.6,187.7,0.0,0.0,167,1014.7,902.9,
1,2026-01-19T02:20:00.000Z,2.8,2.8,2.6,98,0.0,0,0.0,0.0,0.7,0.0,0.0,88.6,187.7,0.0,0.0,168,1014.8,903.0,
1,2026-01-19T02:25:00.000Z,2.7,2.7,2.5,98,0.0,0,0.0,0.0,0.7,0.0,0.0,88.6,187.7,0.0,0.0,167,1014.9,903.1,
1,2026-01-19T02:30:00.000Z,2.7,2.7,2.5,99,0.0,0,0.0,0.0,0.7,0.0,0.0,88.6,187.7,0.0,0.0,168,1014.8,903.0,
1,2026-01-19T02:35:00.000Z,2.6,2.6,2.3,98,0.0,0,0.0,0.0,0.7,0.0,0.0,88.6,187.7,0.0,0.0,168,1014.9,903.1,
1,2026-01-19T02:40:00.000Z,2.5,2.5,2.3,99,0.0,0,0.0,0.0,0.7,0.0,0.0,88.6,187.7,0.0,0.0,168,1014.9,903.1,
1,2026-01-19T02:45:00.000Z,2.4,2.4,2.2,98,0.0,0,0.0,0.0,0.7,0.0,0.0,88.6,187.7,0.0,0.0,168,1014.8,903.0,
1,2026-01-19T02:50:00.000Z,2.5,2.5,2.3,99,0.0,0,0.0,0.0,0.7,0.0,0.0,88.6,187.7,0.0,0.0,168,1014.8,903.0,
1,2026-01-19T02:55:00.000Z,2.6,2.6,2.4,99,0.0,0,0.0,0.0,0.7,0.0,0.0,88.6,187.7,0.02777777777777778,0.5,168,1014.8,903.0,
1,2026-01-19T03:00:00.000Z,2.6,2.6,2.4,99,0.0,0,0.0,0.0,0.7,0.0,0.0,88.6,187.7,0.0,0.0,168,1014.9,903.1,
1,2026-01-19T03:05:00.000Z,2.6,2.6,2.4,99,0.0,0,0.0,0.0,0.7,0.0,0.0,88.6,187.7,0.0,0.0,167,1014.7,902.9,
1,2026-01-19T03:10:00.000Z,2.7,2.7,2.5,99,0.0,0,0.0,0.0,0.7,0.0,0.0,88.6,187.7,0.0,0.0,167,1014.7,902.9,
1,2026-01-19T03:15:00.000Z,2.8,2.8,2.6,99,0.0,0,0.0,0.0,0.7,0.0,0.0,88.6,187.7,0.0,0.0,167,1014.7,902.9,
1,2026-01-19T03:20:00.000Z,2.8,2.8,2.7,99,0.0,0,0.0,0.0,0.7,0.0,0.0,88.6,187.7,0.08333333333333333,0.5,168,1014.6,902.9,
1,2026-01-19T03:25:00.000Z,2.9,2.9,2.7,99,0.0,0,0.0,0.0,0.7,0.0,0.0,88.6,187.7,0.0,0.0,168,1014.8,903.0,
1,2026-01-19T03:30:00.000Z,2.8,2.8,2.6,99,0.0,0,0.0,0.0,0.7,0.0,0.0,88.6,187.7,0.0,0.0,168,1014.7,902.9,
1,2026-01-19T03:35:00.000Z,2.8,2.8,2.6,99,0.0,0,0.0,0.0,0.7,0.0,0.0,88.6,187.7,0.0,0.0,168,1014.7,902.9,
1,2026-01-19T03:40:00.000Z,2.8,2.8,2.7,99,0.0,0,0.0,0.0,0.7,0.0,0.0,88.6,187.7,0.0,0.0,168,1014.7,902.9,
1,2026-01-19T03:45:00.000Z,2.7,2.7,2.5,99,0.0,0,0.0,0.0,0.7,0.0,0.0,88.6,187.7,0.0,0.0,168,1014.7,902.9,
1,2026-01-19T03:50:00.000Z,2.6,2.6,2.4,99,0.0,0,0.0,0.0,0.7,0.0,0.0,88.6,187.7,0.0,0.0,168,1014.6,902.8,
1,2026-01-19T03:55:00.000Z,2.6,2.6,2.4,99,0.0,0,0.0,0.0,0.7,0.0,0.0,88.6,187.7,0.0,0.0,168,1014.7,902.9,
1,2026-01-19T04:00:00.000Z,2.5,2.5,2.3,98,0.0,0,0.0,0.0,0.7,0.0,0.0,88.6,187.7,0.0,0.0,168,1014.6,902.8,
1,2026-01-19T04:05:00.000Z,2.4,2.4,2.2,99,0.0,0,0.0,0.0,0.7,0.0,0.0,88.6,187.7,0.0,0.0,168,1014.6,902.8,
1,2026-01-19T04:10:00.000Z,2.5,2.5,2.3,99,0.0,0,0.0,0.0,0.7,0.0,0.0,88.6,187.7,0.0,0.0,168,1014.6,902.8,
1,2026-01-19T04:15:00.000Z,2.4,2.4,2.2,99,0.0,0,0.0,0.0,0.7,0.0,0.0,88.6,187.7,0.0,0.0,168,1014.6,902.8,
1,2026-01-19T04:20:00.000Z,2.4,2.4,2.2,99,0.0,0,0.0,0.0,0.7,0.0,0.0,88.6,187.7,0.0,0.0,168,1014.6,902.8,
1,2026-01-19T04:25:00.000Z,2.4,2.4,2.2,99,0.0,0,0.0,0.0,0.7,0.0,0.0,88.6,187.7,0.0,0.0,168,1014.6,902.9,
1,2026-01-19T04:30:00.000Z,2.4,2.4,2.2,99,0.0,0,0.0,0.0,0.7,0.0,0.0,88.6,187.7,0.0,0.0,169,1014.7,902.9,
1,2026-01-19T04:35:00.000Z,2.6,2.6,2.4,99,0.0,0,0.0,0.0,0.7,0.0,0.0,88.6,187.7,0.0,0.0,169,1014.6,902.8,
1,2026-01-19T04:40:00.000Z,2.5,2.5,2.3,99,0.0,0,0.0,0.0,0.7,0.0,0.0,88.6,187.7,0.0,0.0,169,1014.6,902.9,
1,2026-01-19T04:45:00.000Z,2.5,2.5,2.3,99,0.0,0,0.0,0.0,0.7,0.0,0.0,88.6,187.7,0.0,0.0,168,1014.6,902.8,
1,2026-01-19T04:50:00.000Z,2.5,2.5,2.4,99,0.0,0,0.0,0.0,0.7,0.0,0.0,88.6,187.7,0.0,0.0,168,1014.6,902.8,
1,2026-01-19T04:55:00.000Z,2.7,2.7,2.5,99,0.0,0,0.0,0.0,0.7,0.0,0.0,88.6,187.7,0.0,0.0,168,1014.6,902.8,
1,2026-01-19T05:00:00.000Z,2.7,2.7,2.6,99,0.0,0,0.0,0.0,0.7,0.0,0.0,88.6,187.7,0.0,0.0,168,1014.6,902.8,
1,2026-01-19T05:05:00.000Z,2.7,2.7,2.5,99,0.0,0,0.0,0.0,0.7,0.0,0.0,88.6,187.7,0.0,0.0,168,1014.6,902.8,
1,2026-01-19T05:10:00.000Z,2.7,2.7,2.6,99,0.0,0,0.0,0.0,0.7,0.0,0.0,88.6,187.7,0.05555555555555556,0.5,167,1014.4,902.6,
1,2026-01-19T05:15:00.000Z,2.7,2.7,2.5,99,0.0,0,0.0,0.0,0.7,0.0,0.0,88.6,187.7,0.0,0.0,168,1014.4,902.6,
1,2026-01-19T05:20:00.000Z,2.5,2.5,2.3,99,0.0,0,0.0,0.0,0.7,0.0,0.0,88.6,187.7,0.0,0.0,168,1014.4,902.6,
1,2026-01-19T05:25:00.000Z,2.3,2.3,2.1,99,0.0,0,0.0,0.0,0.7,0.0,0.0,88.6,187.7,0.0,0.0,168,1014.5,902.7,
1,2026-01-19T05:30:00.000Z,2.4,2.4,2.2,99,0.0,0,0.0,0.0,0.7,0.0,0.0,88.6,187.7,0.0,0.0,168,1014.4,902.6,
1,2026-01-19T05:35:00.000Z,2.1,2.1,1.8,98,0.0,0,0.0,0.0,0.7,0.0,0.0,88.6,187.7,0.0,0.0,168,1014.4,902.6,
1,2026-01-19T05:40:00.000Z,1.8,1.8,1.6,98,0.0,0,0.0,0.0,0.7,0.0,0.0,88.6,187.7,0.0,0.0,168,1014.3,902.5,
1,2026-01-19T05:45:00.000Z,1.7,1.7,1.4,98,0.0,0,0.0,0.0,0.7,0.0,0.0,88.6,187.7,0.0,0.0,168,1014.3,902.5,
1,2026-01-19T05:50:00.000Z,1.6,1.6,1.4,99,0.0,0,0.0,0.0,0.7,0.0,0.0,88.6,187.7,0.0,0.0,168,1014.4,902.6,
1,2026-01-19T05:55:00.000Z,1.6,1.6,1.4,99,0.0,0,0.0,0.0,0.7,0.0,0.0,88.6,187.7,0.0,0.0,168,1014.3,902.5,
1,2026-01-19T06:00:00.000Z,1.5,1.5,1.3,99,0.0,0,0.0,0.0,0.7,0.0,0.0,88.6,187.7,0.0,0.0,168,1014.4,902.6,
1,2026-01-19T06:05:00.000Z,1.5,1.5,1.3,99,0.0,0,0.0,0.0,0.7,0.0,0.0,88.6,187.7,0.0,0.0,168,1014.4,902.6,
1,2026-01-19T06:10:00.000Z,1.5,1.5,1.3,99,0.0,0,0.0,0.0,0.7,0.0,0.0,88.6,187.7,0.0,0.0,168,1014.3,902.5,
1,2026-01-19T06:15:00.000Z,1.5,1.5,1.4,99,0.0,0,0.0,0.0,0.7,0.0,0.0,88.6,187.7,0.0,0.0,168,1014.4,902.6,
1,2026-01-19T06:20:00.000Z,1.6,1.6,1.4,99,0.0,0,0.0,0.0,0.7,0.0,0.0,88.6,187.7,0.0,0.0,168,1014.3,902.5,
1,2026-01-19T06:25:00.000Z,1.5,1.5,1.4,99,0.0,0,0.0,0.0,0.7,0.0,0.0,88.6,187.7,0.0,0.0,168,1014.3,902.5,
1,2026-01-19T06:30:00.000Z,1.4,1.4,1.2,99,0.0,0,0.0,0.0,0.7,0.0,0.0,88.6,187.7,0.0,0.0,168,1014.3,902.5,
1,2026-01-19T06:35:00.000Z,1.3,1.3,1.1,99,0.0,0,0.0,0.0,0.7,0.0,0.0,88.6,187.7,0.0,0.0,168,1014.4,902.6,
1,2026-01-19T06:40:00.000Z,1.3,1.3,1.1,99,0.0,0,0.0,0.0,0.7,0.0,0.0,88.6,187.7,0.0,0.0,168,1014.4,902.6,
1,2026-01-19T06:45:00.000Z,1.3,1.3,1.1,99,0.0,0,0.0,0.0,0.7,0.0,0.0,88.6,187.7,0.0,0.0,168,1014.5,902.7,
1,2026-01-19T06:50:00.000Z,1.2,1.2,1.0,99,0.0,0,0.0,0.0,0.7,0.0,0.0,88.6,187.7,0.0,0.0,168,1014.6,902.8,
1,2026-01-19T06:55:00.000Z,1.1,1.1,0.9,99,0.0,0,0.0,0.0,0.7,0.0,0.0,88.6,187.7,0.0,0.0,168,1014.6,902.9,
1,2026-01-19T07:00:00.000Z,1.1,1.1,0.9,99,0.0,0,0.0,0.0,0.7,0.0,0.0,88.6,187.7,0.0,0.0,168,1014.7,902.9,
1,2026-01-19T07:05:00.000Z,1.0,1.0,0.9,99,0.0,0,0.0,0.0,0.7,0.0,0.0,88.6,187.7,0.0,0.0,168,1014.6,902.8,
1,2026-01-19T07:10:00.000Z,1.1,1.1,0.9,99,0.0,0,1.8,0.3,1.0,0.3,0.3,88.9,188.0,0.0,0.0,168,1014.5,902.8,
1,2026-01-19T07:15:00.000Z,1.2,1.2,1.1,99,0.0,0,1.8,0.3,1.0,0.3,0.3,88.9,188.0,0.0,0.0,173,1014.6,902.9,
1,2026-01-19T07:20:00.000Z,1.3,1.3,1.1,99,0.0,0,1.8,0.3,1.0,0.3,0.3,88.9,188.0,0.0,0.0,177,1014.7,902.9,
1,2026-01-19T07:25:00.000Z,1.3,1.3,1.2,99,0.0,0,0.0,0.3,1.0,0.3,0.3,88.9,188.0,0.0,0.0,176,1014.7,903.0,
1,2026-01-19T07:30:00.000Z,1.4,1.4,1.2,99,0.0,0,0.0,0.3,1.0,0.3,0.3,88.9,188.0,0.0,0.0,176,1014.7,903.0,
1,2026-01-19T07:35:00.000Z,1.5,1.5,1.3,99,0.0,0,0.0,0.3,1.0,0.3,0.3,88.9,188.0,0.0,0.0,176,1014.9,903.1,
1,2026-01-19T07:40:00.000Z,1.7,1.7,1.6,99,0.0,0,0.0,0.3,1.0,0.3,0.3,88.9,188.0,0.0,0.0,176,1014.9,903.1,
1,2026-01-19T07:45:00.000Z,1.7,1.7,1.6,99,0.0,0,0.0,0.3,1.0,0.3,0.3,88.9,188.0,0.0,0.0,176,1014.7,903.0,
1,2026-01-19T07:50:00.000Z,1.8,1.8,1.6,99,0.0,0,0.0,0.3,1.0,0.3,0.3,88.9,188.0,0.0,0.0,176,1014.8,903.0,
1,2026-01-19T07:55:00.000Z,1.9,1.9,1.7,99,0.0,0,0.0,0.3,1.0,0.3,0.3,88.9,188.0,0.0,0.0,176,1014.7,902.9,
1,2026-01-19T08:00:00.000Z,1.9,1.9,1.8,99,0.1,0,0.0,0.3,1.0,0.0,0.3,88.9,188.0,0.0,0.0,176,1014.8,903.0,
1,2026-01-19T08:05:00.000Z,1.9,1.9,1.7,99,0.2,0,0.0,0.3,1.0,0.0,0.3,88.9,188.0,0.0,0.0,177,1014.9,903.1,
1,2026-01-19T08:10:00.000Z,2.0,2.0,1.8,99,0.4,0,0.0,0.3,1.0,0.0,0.3,88.9,188.0,0.0,0.0,177,1014.9,903.1,
1,2026-01-19T08:15:00.000Z,2.0,2.0,1.8,99,0.7,0,0.0,0.3,1.0,0.0,0.3,88.9,188.0,0.0,0.0,177,1015.0,903.2,
1,2026-01-19T08:20:00.000Z,2.1,2.1,1.9,99,1.1,0,0.0,0.3,1.0,0.0,0.3,88.9,188.0,0.0,0.0,177,1015.1,903.3,
1,2026-01-19T08:25:00.000Z,2.0,2.0,1.8,99,1.7,0,0.0,0.3,1.0,0.0,0.3,88.9,188.0,0.0,0.0,177,1015.2,903.4,
1,2026-01-19T08:30:00.000Z,2.1,2.1,1.9,99,2.9,0,0.0,0.3,1.0,0.0,0.3,88.9,188.0,0.0,0.0,177,1015.1,903.3,
1,2026-01-19T08:35:00.000Z,2.2,2.2,2.0,99,5.1,0,0.0,0.3,1.0,0.0,0.3,88.9,188.0,0.0,0.0,177,1015.2,903.4,
1,2026-01-19T08:40:00.000Z,2.3,2.3,2.1,99,6.6,0,0.0,0.3,1.0,0.0,0.3,88.9,188.0,0.0,0.0,177,1015.3,903.5,
1,2026-01-19T08:45:00.000Z,2.4,2.4,2.2,99,7.3,0,0.0,0.3,1.0,0.0,0.3,88.9,188.0,0.0,0.0,177,1015.2,903.4,
1,2026-01-19T08:50:00.000Z,2.4,2.4,2.2,99,8.4,0,0.0,0.3,1.0,0.0,0.3,88.9,188.0,0.0,0.0,177,1015.3,903.5,
1,2026-01-19T08:55:00.000Z,2.4,2.4,2.2,99,10.6,0,0.0,0.3,1.0,0.0,0.3,88.9,188.0,0.0,0.0,177,1015.3,903.5,
